source_mat_id_orig,samp_description,tax_id,scientific_name,investigation_type,env_material,collection_date,sampling_event,sampl_person,sampl_person_orcid,tidal_stage,noteworthy_env_cond,depth,replicate,samp_size_vol,time_fi,size_frac,size_frac_low,size_frac_up,membr_cut,samp_collect_device,samp_mat_process,samp_mat_process_dev,samp_store_date,samp_store_loc,samp_store_temp,store_person,store_person_orcid,other_person,other_person_orcid,long_store,ship_date,arr_date_hq,store_temp_hq,ship_date_seq,arr_date_seq,seq_batch,failure,failure_comment,ENA_accession_number_sample,source_mat_id
EMO BON RFormosa Wa 210805 3um_1,EMOBON metagenome water sample from station RFormosa collected on 2021-08-05 size fraction 3-200um,https://www.ncbi.nlm.nih.gov/taxonomy/browser/wwwtax.cgi?id=1874687,marine plankton metagenome,metagenome,http://purl.obolibrary.org/obo/ENVO_00000038;http://purl.obolibrary.org/obo/ENVO_00001999;http://purl.obolibrary.org/obo/ENVO_00002042,2021-08-05,RFormosa_Wa_210805,Bruno Louro,https://orcid.org/0000-0001-8164-581X,low_tide,,0.2,1,5,fi,3-200,3,200,true,bucket,WaSOP 1,peristaltic pump,2021-08-05,"Ed7, room 1.10, freezer #300387-118",-80,Bruno Louro,https://orcid.org/0000-0001-8164-581X,,,false,2021-10-12,2021-10-19,-70,2021-11-24,2021-11-24,batch_1,false,,https://identifiers.org/ena.embl:ERS20568945,EMOBON_RFormosa_Wa_1
EMO BON RFormosa Wa 210805 3um_2,EMOBON metagenome water sample from station RFormosa collected on 2021-08-05 size fraction 3-200um,https://www.ncbi.nlm.nih.gov/taxonomy/browser/wwwtax.cgi?id=1874687,marine plankton metagenome,metagenome,http://purl.obolibrary.org/obo/ENVO_00000038;http://purl.obolibrary.org/obo/ENVO_00001999;http://purl.obolibrary.org/obo/ENVO_00002042,2021-08-05,RFormosa_Wa_210805,Bruno Louro,https://orcid.org/0000-0001-8164-581X,low_tide,,0.2,2,5,fi,3-200,3,200,true,bucket,WaSOP 1,peristaltic pump,2021-08-05,"Ed7, room 1.10, freezer #300387-118",-80,Bruno Louro,https://orcid.org/0000-0001-8164-581X,,,false,2021-10-12,2021-10-19,-70,2021-11-24,2021-11-24,batch_1,false,,https://identifiers.org/ena.embl:ERS20568946,EMOBON_RFormosa_Wa_2
EMO BON RFormosa Wa 210805 3um_3,EMOBON metagenome water sample from station RFormosa collected on 2021-08-05 size fraction 3-200um,https://www.ncbi.nlm.nih.gov/taxonomy/browser/wwwtax.cgi?id=1874687,marine plankton metagenome,metagenome,http://purl.obolibrary.org/obo/ENVO_00000038;http://purl.obolibrary.org/obo/ENVO_00001999;http://purl.obolibrary.org/obo/ENVO_00002042,2021-08-05,RFormosa_Wa_210805,Bruno Louro,https://orcid.org/0000-0001-8164-581X,low_tide,,0.2,3,5,fi,3-200,3,200,true,bucket,WaSOP 1,peristaltic pump,2021-08-05,"Ed7, room 1.10, freezer #300387-118",-80,Bruno Louro,https://orcid.org/0000-0001-8164-581X,,,true,,,,,,,,,,EMOBON_RFormosa_Wa_3
EMO BON RFormosa Wa 210805 3um_4,EMOBON metagenome water sample from station RFormosa collected on 2021-08-05 size fraction 3-200um,https://www.ncbi.nlm.nih.gov/taxonomy/browser/wwwtax.cgi?id=1874687,marine plankton metagenome,metagenome,http://purl.obolibrary.org/obo/ENVO_00000038;http://purl.obolibrary.org/obo/ENVO_00001999;http://purl.obolibrary.org/obo/ENVO_00002042,2021-08-05,RFormosa_Wa_210805,Bruno Louro,https://orcid.org/0000-0001-8164-581X,low_tide,,0.2,4,5,fi,3-200,3,200,true,bucket,WaSOP 1,peristaltic pump,2021-08-05,"Ed7, room 1.10, freezer #300387-118",-80,Bruno Louro,https://orcid.org/0000-0001-8164-581X,,,true,,,,,,,,,,EMOBON_RFormosa_Wa_4
EMO BON RFormosa Wa 210805 0.22um_1,EMOBON metagenome water sample from station RFormosa collected on 2021-08-05 size fraction 0.2-3um,https://www.ncbi.nlm.nih.gov/taxonomy/browser/wwwtax.cgi?id=1874687,marine plankton metagenome,metagenome,http://purl.obolibrary.org/obo/ENVO_00000038;http://purl.obolibrary.org/obo/ENVO_00001999;http://purl.obolibrary.org/obo/ENVO_00002042,2021-08-05,RFormosa_Wa_210805,Bruno Louro,https://orcid.org/0000-0001-8164-581X,low_tide,,0.2,1,5,fi,0.2-3,0.2,3,true,bucket,WaSOP 1,peristaltic pump,2021-08-05,"Ed7, room 1.10, freezer #300387-118",-80,Bruno Louro,https://orcid.org/0000-0001-8164-581X,,,false,2021-10-12,2021-10-19,-70,2021-11-24,2021-11-24,batch_1,false,,https://identifiers.org/ena.embl:ERS20568947,EMOBON_RFormosa_Wa_5
EMO BON RFormosa Wa 210805 0.22um_2,EMOBON metagenome water sample from station RFormosa collected on 2021-08-05 size fraction 0.2-3um,https://www.ncbi.nlm.nih.gov/taxonomy/browser/wwwtax.cgi?id=1874687,marine plankton metagenome,metagenome,http://purl.obolibrary.org/obo/ENVO_00000038;http://purl.obolibrary.org/obo/ENVO_00001999;http://purl.obolibrary.org/obo/ENVO_00002042,2021-08-05,RFormosa_Wa_210805,Bruno Louro,https://orcid.org/0000-0001-8164-581X,low_tide,,0.2,2,5,fi,0.2-3,0.2,3,true,bucket,WaSOP 1,peristaltic pump,2021-08-05,"Ed7, room 1.10, freezer #300387-118",-80,Bruno Louro,https://orcid.org/0000-0001-8164-581X,,,false,2021-10-12,2021-10-19,-70,2021-11-24,2021-11-24,batch_1,false,,https://identifiers.org/ena.embl:ERS20568948,EMOBON_RFormosa_Wa_6
EMO BON RFormosa Wa 210805 0.22um_3,EMOBON metagenome water sample from station RFormosa collected on 2021-08-05 size fraction 0.2-3um,https://www.ncbi.nlm.nih.gov/taxonomy/browser/wwwtax.cgi?id=1874687,marine plankton metagenome,metagenome,http://purl.obolibrary.org/obo/ENVO_00000038;http://purl.obolibrary.org/obo/ENVO_00001999;http://purl.obolibrary.org/obo/ENVO_00002042,2021-08-05,RFormosa_Wa_210805,Bruno Louro,https://orcid.org/0000-0001-8164-581X,low_tide,,0.2,3,5,fi,0.2-3,0.2,3,true,bucket,WaSOP 1,peristaltic pump,2021-08-05,"Ed7, room 1.10, freezer #300387-118",-80,Bruno Louro,https://orcid.org/0000-0001-8164-581X,,,true,,,,,,,,,,EMOBON_RFormosa_Wa_7
EMO BON RFormosa Wa 210805 0.22um_4,EMOBON metagenome water sample from station RFormosa collected on 2021-08-05 size fraction 0.2-3um,https://www.ncbi.nlm.nih.gov/taxonomy/browser/wwwtax.cgi?id=1874687,marine plankton metagenome,metagenome,http://purl.obolibrary.org/obo/ENVO_00000038;http://purl.obolibrary.org/obo/ENVO_00001999;http://purl.obolibrary.org/obo/ENVO_00002042,2021-08-05,RFormosa_Wa_210805,Bruno Louro,https://orcid.org/0000-0001-8164-581X,low_tide,,0.2,4,5,fi,0.2-3,0.2,3,true,bucket,WaSOP 1,peristaltic pump,2021-08-05,"Ed7, room 1.10, freezer #300387-118",-80,Bruno Louro,https://orcid.org/0000-0001-8164-581X,,,true,,,,,,,,,,EMOBON_RFormosa_Wa_8
EMO BON RFormosa Wa 210805 3um_Blank,EMOBON metagenome water sample from station RFormosa collected on 2021-08-05 size fraction 3-200um,https://www.ncbi.nlm.nih.gov/taxonomy/browser/wwwtax.cgi?id=256318,metagenome,metagenome,http://purl.obolibrary.org/obo/ENVO_00000038;http://purl.obolibrary.org/obo/ENVO_00001999;http://purl.obolibrary.org/obo/ENVO_00002042,2021-08-05,RFormosa_Wa_210805,Bruno Louro,https://orcid.org/0000-0001-8164-581X,low_tide,,,blank_1,5,fi,3-200,3,200,false,,WaSOP 1,peristaltic pump,2021-08-05,"Ed7, room 1.10, freezer #300387-118",-80,Bruno Louro,https://orcid.org/0000-0001-8164-581X,,,true,,,,,,,,,,EMOBON_RFormosa_Wa_9
EMO BON RFormosa Wa 210805 0.22um_Blank,EMOBON metagenome water sample from station RFormosa collected on 2021-08-05 size fraction 0.2-3um,https://www.ncbi.nlm.nih.gov/taxonomy/browser/wwwtax.cgi?id=256318,metagenome,metagenome,http://purl.obolibrary.org/obo/ENVO_00000038;http://purl.obolibrary.org/obo/ENVO_00001999;http://purl.obolibrary.org/obo/ENVO_00002042,2021-08-05,RFormosa_Wa_210805,Bruno Louro,https://orcid.org/0000-0001-8164-581X,low_tide,,,blank_1,5,fi,0.2-3,0.2,3,false,,WaSOP 1,peristaltic pump,2021-08-05,"Ed7, room 1.10, freezer #300387-118",-80,Bruno Louro,https://orcid.org/0000-0001-8164-581X,,,true,,,,,,,,,,EMOBON_RFormosa_Wa_10
EMO BON RFormosa Wa 211022 3um_1,EMOBON metagenome water sample from station RFormosa collected on 2021-10-22 size fraction 3-200um,https://www.ncbi.nlm.nih.gov/taxonomy/browser/wwwtax.cgi?id=1874687,marine plankton metagenome,metagenome,http://purl.obolibrary.org/obo/ENVO_00000038;http://purl.obolibrary.org/obo/ENVO_00001999;http://purl.obolibrary.org/obo/ENVO_00002042,2021-10-22,RFormosa_Wa_211022,Bruno Louro,https://orcid.org/0000-0001-8164-581X,low_tide,,0.2,1,5,fi,3-200,3,200,true,bucket,WaSOP 1,peristaltic pump,2021-10-22,"Ed7, room 1.10, freezer #300387-118",-80,Bruno Louro,https://orcid.org/0000-0001-8164-581X,,,false,2022-01-24,2022-02-02,-70,2022-02-22,2022-02-23,batch_2,false,,https://identifiers.org/ena.embl:ERS20568949,EMOBON_RFormosa_Wa_11
EMO BON RFormosa Wa 211022 3um_2,EMOBON metagenome water sample from station RFormosa collected on 2021-10-22 size fraction 3-200um,https://www.ncbi.nlm.nih.gov/taxonomy/browser/wwwtax.cgi?id=1874687,marine plankton metagenome,metagenome,http://purl.obolibrary.org/obo/ENVO_00000038;http://purl.obolibrary.org/obo/ENVO_00001999;http://purl.obolibrary.org/obo/ENVO_00002042,2021-10-22,RFormosa_Wa_211022,Bruno Louro,https://orcid.org/0000-0001-8164-581X,low_tide,,0.2,2,5,fi,3-200,3,200,true,bucket,WaSOP 1,peristaltic pump,2021-10-22,"Ed7, room 1.10, freezer #300387-118",-80,Bruno Louro,https://orcid.org/0000-0001-8164-581X,,,false,2022-01-24,2022-02-02,-70,2022-02-22,2022-02-23,batch_2,false,,https://identifiers.org/ena.embl:ERS20568950,EMOBON_RFormosa_Wa_12
EMO BON RFormosa Wa 211022 3um_3,EMOBON metagenome water sample from station RFormosa collected on 2021-10-22 size fraction 3-200um,https://www.ncbi.nlm.nih.gov/taxonomy/browser/wwwtax.cgi?id=1874687,marine plankton metagenome,metagenome,http://purl.obolibrary.org/obo/ENVO_00000038;http://purl.obolibrary.org/obo/ENVO_00001999;http://purl.obolibrary.org/obo/ENVO_00002042,2021-10-22,RFormosa_Wa_211022,Bruno Louro,https://orcid.org/0000-0001-8164-581X,low_tide,,0.2,3,5,fi,3-200,3,200,true,bucket,WaSOP 1,peristaltic pump,2021-10-22,"Ed7, room 1.10, freezer #300387-118",-80,Bruno Louro,https://orcid.org/0000-0001-8164-581X,,,true,,,,,,,,,,EMOBON_RFormosa_Wa_13
EMO BON RFormosa Wa 211022 3um_4,EMOBON metagenome water sample from station RFormosa collected on 2021-10-22 size fraction 3-200um,https://www.ncbi.nlm.nih.gov/taxonomy/browser/wwwtax.cgi?id=1874687,marine plankton metagenome,metagenome,http://purl.obolibrary.org/obo/ENVO_00000038;http://purl.obolibrary.org/obo/ENVO_00001999;http://purl.obolibrary.org/obo/ENVO_00002042,2021-10-22,RFormosa_Wa_211022,Bruno Louro,https://orcid.org/0000-0001-8164-581X,low_tide,,0.2,4,5,fi,3-200,3,200,true,bucket,WaSOP 1,peristaltic pump,2021-10-22,"Ed7, room 1.10, freezer #300387-118",-80,Bruno Louro,https://orcid.org/0000-0001-8164-581X,,,true,,,,,,,,,,EMOBON_RFormosa_Wa_14
EMO BON RFormosa Wa 211022 0.22um_1,EMOBON metagenome water sample from station RFormosa collected on 2021-10-22 size fraction 0.2-3um,https://www.ncbi.nlm.nih.gov/taxonomy/browser/wwwtax.cgi?id=1874687,marine plankton metagenome,metagenome,http://purl.obolibrary.org/obo/ENVO_00000038;http://purl.obolibrary.org/obo/ENVO_00001999;http://purl.obolibrary.org/obo/ENVO_00002042,2021-10-22,RFormosa_Wa_211022,Bruno Louro,https://orcid.org/0000-0001-8164-581X,low_tide,,0.2,1,5,fi,0.2-3,0.2,3,true,bucket,WaSOP 1,peristaltic pump,2021-10-22,"Ed7, room 1.10, freezer #300387-118",-80,Bruno Louro,https://orcid.org/0000-0001-8164-581X,,,false,2022-01-24,2022-02-02,-70,2022-02-22,2022-02-23,batch_2,false,,https://identifiers.org/ena.embl:ERS20568951,EMOBON_RFormosa_Wa_15
EMO BON RFormosa Wa 211022 0.22um_2,EMOBON metagenome water sample from station RFormosa collected on 2021-10-22 size fraction 0.2-3um,https://www.ncbi.nlm.nih.gov/taxonomy/browser/wwwtax.cgi?id=1874687,marine plankton metagenome,metagenome,http://purl.obolibrary.org/obo/ENVO_00000038;http://purl.obolibrary.org/obo/ENVO_00001999;http://purl.obolibrary.org/obo/ENVO_00002042,2021-10-22,RFormosa_Wa_211022,Bruno Louro,https://orcid.org/0000-0001-8164-581X,low_tide,,0.2,2,5,fi,0.2-3,0.2,3,true,bucket,WaSOP 1,peristaltic pump,2021-10-22,"Ed7, room 1.10, freezer #300387-118",-80,Bruno Louro,https://orcid.org/0000-0001-8164-581X,,,false,2022-01-24,2022-02-02,-70,2022-02-22,2022-02-23,batch_2,false,,https://identifiers.org/ena.embl:ERS20568952,EMOBON_RFormosa_Wa_16
EMO BON RFormosa Wa 211022 0.22um_3,EMOBON metagenome water sample from station RFormosa collected on 2021-10-22 size fraction 0.2-3um,https://www.ncbi.nlm.nih.gov/taxonomy/browser/wwwtax.cgi?id=1874687,marine plankton metagenome,metagenome,http://purl.obolibrary.org/obo/ENVO_00000038;http://purl.obolibrary.org/obo/ENVO_00001999;http://purl.obolibrary.org/obo/ENVO_00002042,2021-10-22,RFormosa_Wa_211022,Bruno Louro,https://orcid.org/0000-0001-8164-581X,low_tide,,0.2,3,5,fi,0.2-3,0.2,3,true,bucket,WaSOP 1,peristaltic pump,2021-10-22,"Ed7, room 1.10, freezer #300387-118",-80,Bruno Louro,https://orcid.org/0000-0001-8164-581X,,,true,,,,,,,,,,EMOBON_RFormosa_Wa_17
EMO BON RFormosa Wa 211022 0.22um_4,EMOBON metagenome water sample from station RFormosa collected on 2021-10-22 size fraction 0.2-3um,https://www.ncbi.nlm.nih.gov/taxonomy/browser/wwwtax.cgi?id=1874687,marine plankton metagenome,metagenome,http://purl.obolibrary.org/obo/ENVO_00000038;http://purl.obolibrary.org/obo/ENVO_00001999;http://purl.obolibrary.org/obo/ENVO_00002042,2021-10-22,RFormosa_Wa_211022,Bruno Louro,https://orcid.org/0000-0001-8164-581X,low_tide,,0.2,4,5,fi,0.2-3,0.2,3,true,bucket,WaSOP 1,peristaltic pump,2021-10-22,"Ed7, room 1.10, freezer #300387-118",-80,Bruno Louro,https://orcid.org/0000-0001-8164-581X,,,true,,,,,,,,,,EMOBON_RFormosa_Wa_18
EMO BON RFormosa Wa 211022 3um_Blank,EMOBON metagenome water sample from station RFormosa collected on 2021-10-22 size fraction 3-200um,https://www.ncbi.nlm.nih.gov/taxonomy/browser/wwwtax.cgi?id=256318,metagenome,metagenome,http://purl.obolibrary.org/obo/ENVO_00000038;http://purl.obolibrary.org/obo/ENVO_00001999;http://purl.obolibrary.org/obo/ENVO_00002042,2021-10-22,RFormosa_Wa_211022,Bruno Louro,https://orcid.org/0000-0001-8164-581X,low_tide,,,blank_1,5,fi,3-200,3,200,false,,WaSOP 1,peristaltic pump,2021-10-22,"Ed7, room 1.10, freezer #300387-118",-80,Bruno Louro,https://orcid.org/0000-0001-8164-581X,,,true,,,,,,,,,,EMOBON_RFormosa_Wa_19
EMO BON RFormosa Wa 211022 0.22um_Blank,EMOBON metagenome water sample from station RFormosa collected on 2021-10-22 size fraction 0.2-3um,https://www.ncbi.nlm.nih.gov/taxonomy/browser/wwwtax.cgi?id=256318,metagenome,metagenome,http://purl.obolibrary.org/obo/ENVO_00000038;http://purl.obolibrary.org/obo/ENVO_00001999;http://purl.obolibrary.org/obo/ENVO_00002042,2021-10-22,RFormosa_Wa_211022,Bruno Louro,https://orcid.org/0000-0001-8164-581X,low_tide,,,blank_1,5,fi,0.2-3,0.2,3,false,,WaSOP 1,peristaltic pump,2021-10-22,"Ed7, room 1.10, freezer #300387-118",-80,Bruno Louro,https://orcid.org/0000-0001-8164-581X,,,true,,,,,,,,,,EMOBON_RFormosa_Wa_20
EMO BON RFormosa Wa 211220 3um_1,EMOBON metagenome water sample from station RFormosa collected on 2021-12-20 size fraction 3-200um,https://www.ncbi.nlm.nih.gov/taxonomy/browser/wwwtax.cgi?id=1874687,marine plankton metagenome,metagenome,http://purl.obolibrary.org/obo/ENVO_00000038;http://purl.obolibrary.org/obo/ENVO_00001999;http://purl.obolibrary.org/obo/ENVO_00002042,2021-12-20,RFormosa_Wa_211220,Bruno Louro,https://orcid.org/0000-0001-8164-581X,low_tide,,0.2,1,5,fi,3-200,3,200,true,bucket,WaSOP 1,peristaltic pump,2021-12-20,"Ed7, room 1.10, freezer #300387-118",-80,Bruno Louro,https://orcid.org/0000-0001-8164-581X,,,false,2022-01-24,2022-02-02,-70,2022-02-22,2022-02-23,batch_2,false,,https://identifiers.org/ena.embl:ERS20568953,EMOBON_RFormosa_Wa_21
EMO BON RFormosa Wa 211220 3um_2,EMOBON metagenome water sample from station RFormosa collected on 2021-12-20 size fraction 3-200um,https://www.ncbi.nlm.nih.gov/taxonomy/browser/wwwtax.cgi?id=1874687,marine plankton metagenome,metagenome,http://purl.obolibrary.org/obo/ENVO_00000038;http://purl.obolibrary.org/obo/ENVO_00001999;http://purl.obolibrary.org/obo/ENVO_00002042,2021-12-20,RFormosa_Wa_211220,Bruno Louro,https://orcid.org/0000-0001-8164-581X,low_tide,,0.2,2,5,fi,3-200,3,200,true,bucket,WaSOP 1,peristaltic pump,2021-12-20,"Ed7, room 1.10, freezer #300387-118",-80,Bruno Louro,https://orcid.org/0000-0001-8164-581X,,,false,2022-01-24,2022-02-02,-70,2022-02-22,2022-02-23,batch_2,false,,https://identifiers.org/ena.embl:ERS20568954,EMOBON_RFormosa_Wa_22
EMO BON RFormosa Wa 211220 3um_3,EMOBON metagenome water sample from station RFormosa collected on 2021-12-20 size fraction 3-200um,https://www.ncbi.nlm.nih.gov/taxonomy/browser/wwwtax.cgi?id=1874687,marine plankton metagenome,metagenome,http://purl.obolibrary.org/obo/ENVO_00000038;http://purl.obolibrary.org/obo/ENVO_00001999;http://purl.obolibrary.org/obo/ENVO_00002042,2021-12-20,RFormosa_Wa_211220,Bruno Louro,https://orcid.org/0000-0001-8164-581X,low_tide,,0.2,3,5,fi,3-200,3,200,true,bucket,WaSOP 1,peristaltic pump,2021-12-20,"Ed7, room 1.10, freezer #300387-118",-80,Bruno Louro,https://orcid.org/0000-0001-8164-581X,,,true,,,,,,,,,,EMOBON_RFormosa_Wa_23
EMO BON RFormosa Wa 211220 3um_4,EMOBON metagenome water sample from station RFormosa collected on 2021-12-20 size fraction 3-200um,https://www.ncbi.nlm.nih.gov/taxonomy/browser/wwwtax.cgi?id=1874687,marine plankton metagenome,metagenome,http://purl.obolibrary.org/obo/ENVO_00000038;http://purl.obolibrary.org/obo/ENVO_00001999;http://purl.obolibrary.org/obo/ENVO_00002042,2021-12-20,RFormosa_Wa_211220,Bruno Louro,https://orcid.org/0000-0001-8164-581X,low_tide,,0.2,4,5,fi,3-200,3,200,true,bucket,WaSOP 1,peristaltic pump,2021-12-20,"Ed7, room 1.10, freezer #300387-118",-80,Bruno Louro,https://orcid.org/0000-0001-8164-581X,,,true,,,,,,,,,,EMOBON_RFormosa_Wa_24
EMO BON RFormosa Wa 211220 0.22um_1,EMOBON metagenome water sample from station RFormosa collected on 2021-12-20 size fraction 0.2-3um,https://www.ncbi.nlm.nih.gov/taxonomy/browser/wwwtax.cgi?id=1874687,marine plankton metagenome,metagenome,http://purl.obolibrary.org/obo/ENVO_00000038;http://purl.obolibrary.org/obo/ENVO_00001999;http://purl.obolibrary.org/obo/ENVO_00002042,2021-12-20,RFormosa_Wa_211220,Bruno Louro,https://orcid.org/0000-0001-8164-581X,low_tide,,0.2,1,5,fi,0.2-3,0.2,3,true,bucket,WaSOP 1,peristaltic pump,2021-12-20,"Ed7, room 1.10, freezer #300387-118",-80,Bruno Louro,https://orcid.org/0000-0001-8164-581X,,,false,2022-01-24,2022-02-02,-70,2022-02-22,2022-02-23,batch_2,false,,https://identifiers.org/ena.embl:ERS20568955,EMOBON_RFormosa_Wa_25
EMO BON RFormosa Wa 211220 0.22um_2,EMOBON metagenome water sample from station RFormosa collected on 2021-12-20 size fraction 0.2-3um,https://www.ncbi.nlm.nih.gov/taxonomy/browser/wwwtax.cgi?id=1874687,marine plankton metagenome,metagenome,http://purl.obolibrary.org/obo/ENVO_00000038;http://purl.obolibrary.org/obo/ENVO_00001999;http://purl.obolibrary.org/obo/ENVO_00002042,2021-12-20,RFormosa_Wa_211220,Bruno Louro,https://orcid.org/0000-0001-8164-581X,low_tide,,0.2,2,5,fi,0.2-3,0.2,3,true,bucket,WaSOP 1,peristaltic pump,2021-12-20,"Ed7, room 1.10, freezer #300387-118",-80,Bruno Louro,https://orcid.org/0000-0001-8164-581X,,,false,2022-01-24,2022-02-02,-70,2022-02-22,2022-02-23,batch_2,false,,https://identifiers.org/ena.embl:ERS20568956,EMOBON_RFormosa_Wa_26
EMO BON RFormosa Wa 211220 0.22um_3,EMOBON metagenome water sample from station RFormosa collected on 2021-12-20 size fraction 0.2-3um,https://www.ncbi.nlm.nih.gov/taxonomy/browser/wwwtax.cgi?id=1874687,marine plankton metagenome,metagenome,http://purl.obolibrary.org/obo/ENVO_00000038;http://purl.obolibrary.org/obo/ENVO_00001999;http://purl.obolibrary.org/obo/ENVO_00002042,2021-12-20,RFormosa_Wa_211220,Bruno Louro,https://orcid.org/0000-0001-8164-581X,low_tide,,0.2,3,5,fi,0.2-3,0.2,3,true,bucket,WaSOP 1,peristaltic pump,2021-12-20,"Ed7, room 1.10, freezer #300387-118",-80,Bruno Louro,https://orcid.org/0000-0001-8164-581X,,,true,,,,,,,,,,EMOBON_RFormosa_Wa_27
EMO BON RFormosa Wa 211220 0.22um_4,EMOBON metagenome water sample from station RFormosa collected on 2021-12-20 size fraction 0.2-3um,https://www.ncbi.nlm.nih.gov/taxonomy/browser/wwwtax.cgi?id=1874687,marine plankton metagenome,metagenome,http://purl.obolibrary.org/obo/ENVO_00000038;http://purl.obolibrary.org/obo/ENVO_00001999;http://purl.obolibrary.org/obo/ENVO_00002042,2021-12-20,RFormosa_Wa_211220,Bruno Louro,https://orcid.org/0000-0001-8164-581X,low_tide,,0.2,4,5,fi,0.2-3,0.2,3,true,bucket,WaSOP 1,peristaltic pump,2021-12-20,"Ed7, room 1.10, freezer #300387-118",-80,Bruno Louro,https://orcid.org/0000-0001-8164-581X,,,true,,,,,,,,,,EMOBON_RFormosa_Wa_28
EMO BON RFormosa Wa 211220 3um_Blank,EMOBON metagenome water sample from station RFormosa collected on 2021-12-20 size fraction 3-200um,https://www.ncbi.nlm.nih.gov/taxonomy/browser/wwwtax.cgi?id=256318,metagenome,metagenome,http://purl.obolibrary.org/obo/ENVO_00000038;http://purl.obolibrary.org/obo/ENVO_00001999;http://purl.obolibrary.org/obo/ENVO_00002042,2021-12-20,RFormosa_Wa_211220,Bruno Louro,https://orcid.org/0000-0001-8164-581X,low_tide,,,blank_1,5,fi,3-200,3,200,false,,WaSOP 1,peristaltic pump,2021-12-20,"Ed7, room 1.10, freezer #300387-118",-80,Bruno Louro,https://orcid.org/0000-0001-8164-581X,,,false,2022-01-24,2022-02-02,-70,2022-02-22,2022-02-23,batch_2,true,blank; non-quantifiable DNA after extraction,,EMOBON_RFormosa_Wa_29
EMO BON RFormosa Wa 211220 0.22um_Blank,EMOBON metagenome water sample from station RFormosa collected on 2021-12-20 size fraction 0.2-3um,https://www.ncbi.nlm.nih.gov/taxonomy/browser/wwwtax.cgi?id=256318,metagenome,metagenome,http://purl.obolibrary.org/obo/ENVO_00000038;http://purl.obolibrary.org/obo/ENVO_00001999;http://purl.obolibrary.org/obo/ENVO_00002042,2021-12-20,RFormosa_Wa_211220,Bruno Louro,https://orcid.org/0000-0001-8164-581X,low_tide,,,blank_1,5,fi,0.2-3,0.2,3,false,,WaSOP 1,peristaltic pump,2021-12-20,"Ed7, room 1.10, freezer #300387-118",-80,Bruno Louro,https://orcid.org/0000-0001-8164-581X,,,false,2022-01-24,2022-02-02,-70,2022-02-22,2022-02-23,batch_2,true,blank; non-quantifiable DNA after extraction,,EMOBON_RFormosa_Wa_30
EMO BON RFormosa Wa 220224 3um_1,EMOBON metagenome water sample from station RFormosa collected on 2022-02-24 size fraction 3-200um,https://www.ncbi.nlm.nih.gov/taxonomy/browser/wwwtax.cgi?id=1874687,marine plankton metagenome,metagenome,http://purl.obolibrary.org/obo/ENVO_00000038;http://purl.obolibrary.org/obo/ENVO_00001999;http://purl.obolibrary.org/obo/ENVO_00002042,2022-02-24,RFormosa_Wa_220224,Bruno Louro,https://orcid.org/0000-0001-8164-581X,low_tide,,0.2,1,5,fi,3-200,3,200,true,bucket,WaSOP 1,peristaltic pump,2022-02-24,"Ed7, room 1.10, freezer #300387-118",-80,Bruno Louro,https://orcid.org/0000-0001-8164-581X,,,false,2022-10-17,2022-10-26,-70,2023-06-01,2023-06-01,,,,,EMOBON_RFormosa_Wa_31
EMO BON RFormosa Wa 220224 3um_2,EMOBON metagenome water sample from station RFormosa collected on 2022-02-24 size fraction 3-200um,https://www.ncbi.nlm.nih.gov/taxonomy/browser/wwwtax.cgi?id=1874687,marine plankton metagenome,metagenome,http://purl.obolibrary.org/obo/ENVO_00000038;http://purl.obolibrary.org/obo/ENVO_00001999;http://purl.obolibrary.org/obo/ENVO_00002042,2022-02-24,RFormosa_Wa_220224,Bruno Louro,https://orcid.org/0000-0001-8164-581X,low_tide,,0.2,2,5,fi,3-200,3,200,true,bucket,WaSOP 1,peristaltic pump,2022-02-24,"Ed7, room 1.10, freezer #300387-118",-80,Bruno Louro,https://orcid.org/0000-0001-8164-581X,,,false,2022-10-17,2022-10-26,-70,2023-06-01,2023-06-01,,,,,EMOBON_RFormosa_Wa_32
EMO BON RFormosa Wa 220224 3um_3,EMOBON metagenome water sample from station RFormosa collected on 2022-02-24 size fraction 3-200um,https://www.ncbi.nlm.nih.gov/taxonomy/browser/wwwtax.cgi?id=1874687,marine plankton metagenome,metagenome,http://purl.obolibrary.org/obo/ENVO_00000038;http://purl.obolibrary.org/obo/ENVO_00001999;http://purl.obolibrary.org/obo/ENVO_00002042,2022-02-24,RFormosa_Wa_220224,Bruno Louro,https://orcid.org/0000-0001-8164-581X,low_tide,,0.2,3,5,fi,3-200,3,200,true,bucket,WaSOP 1,peristaltic pump,2022-02-24,"Ed7, room 1.10, freezer #300387-118",-80,Bruno Louro,https://orcid.org/0000-0001-8164-581X,,,true,,,,,,,,,,EMOBON_RFormosa_Wa_33
EMO BON RFormosa Wa 220224 3um_4,EMOBON metagenome water sample from station RFormosa collected on 2022-02-24 size fraction 3-200um,https://www.ncbi.nlm.nih.gov/taxonomy/browser/wwwtax.cgi?id=1874687,marine plankton metagenome,metagenome,http://purl.obolibrary.org/obo/ENVO_00000038;http://purl.obolibrary.org/obo/ENVO_00001999;http://purl.obolibrary.org/obo/ENVO_00002042,2022-02-24,RFormosa_Wa_220224,Bruno Louro,https://orcid.org/0000-0001-8164-581X,low_tide,,0.2,4,5,fi,3-200,3,200,true,bucket,WaSOP 1,peristaltic pump,2022-02-24,"Ed7, room 1.10, freezer #300387-118",-80,Bruno Louro,https://orcid.org/0000-0001-8164-581X,,,true,,,,,,,,,,EMOBON_RFormosa_Wa_34
EMO BON RFormosa Wa 220224 0.22um_1,EMOBON metagenome water sample from station RFormosa collected on 2022-02-24 size fraction 0.2-3um,https://www.ncbi.nlm.nih.gov/taxonomy/browser/wwwtax.cgi?id=1874687,marine plankton metagenome,metagenome,http://purl.obolibrary.org/obo/ENVO_00000038;http://purl.obolibrary.org/obo/ENVO_00001999;http://purl.obolibrary.org/obo/ENVO_00002042,2022-02-24,RFormosa_Wa_220224,Bruno Louro,https://orcid.org/0000-0001-8164-581X,low_tide,,0.2,1,5,fi,0.2-3,0.2,3,true,bucket,WaSOP 1,peristaltic pump,2022-02-24,"Ed7, room 1.10, freezer #300387-118",-80,Bruno Louro,https://orcid.org/0000-0001-8164-581X,,,false,2022-10-17,2022-10-26,-70,2023-06-01,2023-06-01,,,,,EMOBON_RFormosa_Wa_35
EMO BON RFormosa Wa 220224 0.22um_2,EMOBON metagenome water sample from station RFormosa collected on 2022-02-24 size fraction 0.2-3um,https://www.ncbi.nlm.nih.gov/taxonomy/browser/wwwtax.cgi?id=1874687,marine plankton metagenome,metagenome,http://purl.obolibrary.org/obo/ENVO_00000038;http://purl.obolibrary.org/obo/ENVO_00001999;http://purl.obolibrary.org/obo/ENVO_00002042,2022-02-24,RFormosa_Wa_220224,Bruno Louro,https://orcid.org/0000-0001-8164-581X,low_tide,,0.2,2,5,fi,0.2-3,0.2,3,true,bucket,WaSOP 1,peristaltic pump,2022-02-24,"Ed7, room 1.10, freezer #300387-118",-80,Bruno Louro,https://orcid.org/0000-0001-8164-581X,,,false,2022-10-17,2022-10-26,-70,2023-06-01,2023-06-01,,,,,EMOBON_RFormosa_Wa_36
EMO BON RFormosa Wa 220224 0.22um_3,EMOBON metagenome water sample from station RFormosa collected on 2022-02-24 size fraction 0.2-3um,https://www.ncbi.nlm.nih.gov/taxonomy/browser/wwwtax.cgi?id=1874687,marine plankton metagenome,metagenome,http://purl.obolibrary.org/obo/ENVO_00000038;http://purl.obolibrary.org/obo/ENVO_00001999;http://purl.obolibrary.org/obo/ENVO_00002042,2022-02-24,RFormosa_Wa_220224,Bruno Louro,https://orcid.org/0000-0001-8164-581X,low_tide,,0.2,3,5,fi,0.2-3,0.2,3,true,bucket,WaSOP 1,peristaltic pump,2022-02-24,"Ed7, room 1.10, freezer #300387-118",-80,Bruno Louro,https://orcid.org/0000-0001-8164-581X,,,true,,,,,,,,,,EMOBON_RFormosa_Wa_37
EMO BON RFormosa Wa 220224 0.22um_4,EMOBON metagenome water sample from station RFormosa collected on 2022-02-24 size fraction 0.2-3um,https://www.ncbi.nlm.nih.gov/taxonomy/browser/wwwtax.cgi?id=1874687,marine plankton metagenome,metagenome,http://purl.obolibrary.org/obo/ENVO_00000038;http://purl.obolibrary.org/obo/ENVO_00001999;http://purl.obolibrary.org/obo/ENVO_00002042,2022-02-24,RFormosa_Wa_220224,Bruno Louro,https://orcid.org/0000-0001-8164-581X,low_tide,,0.2,4,5,fi,0.2-3,0.2,3,true,bucket,WaSOP 1,peristaltic pump,2022-02-24,"Ed7, room 1.10, freezer #300387-118",-80,Bruno Louro,https://orcid.org/0000-0001-8164-581X,,,true,,,,,,,,,,EMOBON_RFormosa_Wa_38
EMO BON RFormosa Wa 220224 3um_Blank,EMOBON metagenome water sample from station RFormosa collected on 2022-02-24 size fraction 3-200um,https://www.ncbi.nlm.nih.gov/taxonomy/browser/wwwtax.cgi?id=256318,metagenome,metagenome,http://purl.obolibrary.org/obo/ENVO_00000038;http://purl.obolibrary.org/obo/ENVO_00001999;http://purl.obolibrary.org/obo/ENVO_00002042,2022-02-24,RFormosa_Wa_220224,Bruno Louro,https://orcid.org/0000-0001-8164-581X,low_tide,,,blank_1,5,fi,3-200,3,200,false,,WaSOP 1,peristaltic pump,2022-02-24,"Ed7, room 1.10, freezer #300387-118",-80,Bruno Louro,https://orcid.org/0000-0001-8164-581X,,,true,,,,,,,,,,EMOBON_RFormosa_Wa_39
EMO BON RFormosa Wa 220224 0.22um_Blank,EMOBON metagenome water sample from station RFormosa collected on 2022-02-24 size fraction 0.2-3um,https://www.ncbi.nlm.nih.gov/taxonomy/browser/wwwtax.cgi?id=256318,metagenome,metagenome,http://purl.obolibrary.org/obo/ENVO_00000038;http://purl.obolibrary.org/obo/ENVO_00001999;http://purl.obolibrary.org/obo/ENVO_00002042,2022-02-24,RFormosa_Wa_220224,Bruno Louro,https://orcid.org/0000-0001-8164-581X,low_tide,,,blank_1,5,fi,0.2-3,0.2,3,false,,WaSOP 1,peristaltic pump,2022-02-24,"Ed7, room 1.10, freezer #300387-118",-80,Bruno Louro,https://orcid.org/0000-0001-8164-581X,,,true,,,,,,,,,,EMOBON_RFormosa_Wa_40
EMO BON RFormosa Wa 220428 3um_1,EMOBON metagenome water sample from station RFormosa collected on 2022-04-28 size fraction 3-200um,https://www.ncbi.nlm.nih.gov/taxonomy/browser/wwwtax.cgi?id=1874687,marine plankton metagenome,metagenome,http://purl.obolibrary.org/obo/ENVO_00000038;http://purl.obolibrary.org/obo/ENVO_00001999;http://purl.obolibrary.org/obo/ENVO_00002042,2022-04-28,RFormosa_Wa_220428,Bruno Louro,https://orcid.org/0000-0001-8164-581X,low_tide,,0.2,1,5,fi,3-200,3,200,true,bucket,WaSOP 1,peristaltic pump,2022-02-24,"Ed7, room 1.10, freezer #300387-118",-80,Bruno Louro,https://orcid.org/0000-0001-8164-581X,,,false,2022-10-17,2022-10-26,-70,2023-06-01,2023-06-01,,,,,EMOBON_RFormosa_Wa_41
EMO BON RFormosa Wa 2200428 3um_2,EMOBON metagenome water sample from station RFormosa collected on 2022-04-28 size fraction 3-200um,https://www.ncbi.nlm.nih.gov/taxonomy/browser/wwwtax.cgi?id=1874687,marine plankton metagenome,metagenome,http://purl.obolibrary.org/obo/ENVO_00000038;http://purl.obolibrary.org/obo/ENVO_00001999;http://purl.obolibrary.org/obo/ENVO_00002042,2022-04-28,RFormosa_Wa_220428,Bruno Louro,https://orcid.org/0000-0001-8164-581X,low_tide,,0.2,2,5,fi,3-200,3,200,true,bucket,WaSOP 1,peristaltic pump,2022-04-28,"Ed7, room 1.10, freezer #300387-118",-80,Bruno Louro,https://orcid.org/0000-0001-8164-581X,,,false,2022-10-17,2022-10-26,-70,2023-06-01,2023-06-01,,,,,EMOBON_RFormosa_Wa_42
EMO BON RFormosa Wa 2200428 3um_3,EMOBON metagenome water sample from station RFormosa collected on 2022-04-28 size fraction 3-200um,https://www.ncbi.nlm.nih.gov/taxonomy/browser/wwwtax.cgi?id=1874687,marine plankton metagenome,metagenome,http://purl.obolibrary.org/obo/ENVO_00000038;http://purl.obolibrary.org/obo/ENVO_00001999;http://purl.obolibrary.org/obo/ENVO_00002042,2022-04-28,RFormosa_Wa_220428,Bruno Louro,https://orcid.org/0000-0001-8164-581X,low_tide,,0.2,3,5,fi,3-200,3,200,true,bucket,WaSOP 1,peristaltic pump,2022-04-28,"Ed7, room 1.10, freezer #300387-118",-80,Bruno Louro,https://orcid.org/0000-0001-8164-581X,,,true,,,,,,,,,,EMOBON_RFormosa_Wa_43
EMO BON RFormosa Wa 220428 3um_4,EMOBON metagenome water sample from station RFormosa collected on 2022-04-28 size fraction 3-200um,https://www.ncbi.nlm.nih.gov/taxonomy/browser/wwwtax.cgi?id=1874687,marine plankton metagenome,metagenome,http://purl.obolibrary.org/obo/ENVO_00000038;http://purl.obolibrary.org/obo/ENVO_00001999;http://purl.obolibrary.org/obo/ENVO_00002042,2022-04-28,RFormosa_Wa_220428,Bruno Louro,https://orcid.org/0000-0001-8164-581X,low_tide,,0.2,4,5,fi,3-200,3,200,true,bucket,WaSOP 1,peristaltic pump,2022-04-28,"Ed7, room 1.10, freezer #300387-118",-80,Bruno Louro,https://orcid.org/0000-0001-8164-581X,,,true,,,,,,,,,,EMOBON_RFormosa_Wa_44
EMO BON RFormosa Wa 2200428 0.22um_1,EMOBON metagenome water sample from station RFormosa collected on 2022-04-28 size fraction 0.2-3um,https://www.ncbi.nlm.nih.gov/taxonomy/browser/wwwtax.cgi?id=1874687,marine plankton metagenome,metagenome,http://purl.obolibrary.org/obo/ENVO_00000038;http://purl.obolibrary.org/obo/ENVO_00001999;http://purl.obolibrary.org/obo/ENVO_00002042,2022-04-28,RFormosa_Wa_220428,Bruno Louro,https://orcid.org/0000-0001-8164-581X,low_tide,,0.2,1,5,fi,0.2-3,0.2,3,true,bucket,WaSOP 1,peristaltic pump,2022-04-28,"Ed7, room 1.10, freezer #300387-118",-80,Bruno Louro,https://orcid.org/0000-0001-8164-581X,,,false,2022-10-17,2022-10-26,-70,2023-06-01,2023-06-01,,,,,EMOBON_RFormosa_Wa_45
EMO BON RFormosa Wa 220428 0.22um_2,EMOBON metagenome water sample from station RFormosa collected on 2022-04-28 size fraction 0.2-3um,https://www.ncbi.nlm.nih.gov/taxonomy/browser/wwwtax.cgi?id=1874687,marine plankton metagenome,metagenome,http://purl.obolibrary.org/obo/ENVO_00000038;http://purl.obolibrary.org/obo/ENVO_00001999;http://purl.obolibrary.org/obo/ENVO_00002042,2022-04-28,RFormosa_Wa_220428,Bruno Louro,https://orcid.org/0000-0001-8164-581X,low_tide,,0.2,2,5,fi,0.2-3,0.2,3,true,bucket,WaSOP 1,peristaltic pump,2022-04-28,"Ed7, room 1.10, freezer #300387-118",-80,Bruno Louro,https://orcid.org/0000-0001-8164-581X,,,false,2022-10-17,2022-10-26,-70,2023-06-01,2023-06-01,,,,,EMOBON_RFormosa_Wa_46
EMO BON RFormosa Wa 220428 0.22um_3,EMOBON metagenome water sample from station RFormosa collected on 2022-04-28 size fraction 0.2-3um,https://www.ncbi.nlm.nih.gov/taxonomy/browser/wwwtax.cgi?id=1874687,marine plankton metagenome,metagenome,http://purl.obolibrary.org/obo/ENVO_00000038;http://purl.obolibrary.org/obo/ENVO_00001999;http://purl.obolibrary.org/obo/ENVO_00002042,2022-04-28,RFormosa_Wa_220428,Bruno Louro,https://orcid.org/0000-0001-8164-581X,low_tide,,0.2,3,5,fi,0.2-3,0.2,3,true,bucket,WaSOP 1,peristaltic pump,2022-04-28,"Ed7, room 1.10, freezer #300387-118",-80,Bruno Louro,https://orcid.org/0000-0001-8164-581X,,,true,,,,,,,,,,EMOBON_RFormosa_Wa_47
EMO BON RFormosa Wa 2200428 0.22um_4,EMOBON metagenome water sample from station RFormosa collected on 2022-04-28 size fraction 0.2-3um,https://www.ncbi.nlm.nih.gov/taxonomy/browser/wwwtax.cgi?id=1874687,marine plankton metagenome,metagenome,http://purl.obolibrary.org/obo/ENVO_00000038;http://purl.obolibrary.org/obo/ENVO_00001999;http://purl.obolibrary.org/obo/ENVO_00002042,2022-04-28,RFormosa_Wa_220428,Bruno Louro,https://orcid.org/0000-0001-8164-581X,low_tide,,0.2,4,5,fi,0.2-3,0.2,3,true,bucket,WaSOP 1,peristaltic pump,2022-04-28,"Ed7, room 1.10, freezer #300387-118",-80,Bruno Louro,https://orcid.org/0000-0001-8164-581X,,,true,,,,,,,,,,EMOBON_RFormosa_Wa_48
EMO BON RFormosa Wa 220428 3um_Blank,EMOBON metagenome water sample from station RFormosa collected on 2022-04-28 size fraction 3-200um,https://www.ncbi.nlm.nih.gov/taxonomy/browser/wwwtax.cgi?id=256318,metagenome,metagenome,http://purl.obolibrary.org/obo/ENVO_00000038;http://purl.obolibrary.org/obo/ENVO_00001999;http://purl.obolibrary.org/obo/ENVO_00002042,2022-04-28,RFormosa_Wa_220428,Bruno Louro,https://orcid.org/0000-0001-8164-581X,low_tide,,,blank_1,5,fi,3-200,3,200,false,,WaSOP 1,peristaltic pump,2022-04-28,"Ed7, room 1.10, freezer #300387-118",-80,Bruno Louro,https://orcid.org/0000-0001-8164-581X,,,true,,,,,,,,,,EMOBON_RFormosa_Wa_49
EMO BON RFormosa Wa 200428 0.22um_Blank,EMOBON metagenome water sample from station RFormosa collected on 2022-04-28 size fraction 0.2-3um,https://www.ncbi.nlm.nih.gov/taxonomy/browser/wwwtax.cgi?id=256318,metagenome,metagenome,http://purl.obolibrary.org/obo/ENVO_00000038;http://purl.obolibrary.org/obo/ENVO_00001999;http://purl.obolibrary.org/obo/ENVO_00002042,2022-04-28,RFormosa_Wa_220428,Bruno Louro,https://orcid.org/0000-0001-8164-581X,low_tide,,,blank_1,5,fi,0.2-3,0.2,3,false,,WaSOP 1,peristaltic pump,2022-04-28,"Ed7, room 1.10, freezer #300387-118",-80,Bruno Louro,https://orcid.org/0000-0001-8164-581X,,,true,,,,,,,,,,EMOBON_RFormosa_Wa_50
EMO BON RFormosa Wa 220629 3um_1,EMOBON metagenome water sample from station RFormosa collected on 2022-06-29 size fraction 3-200um,https://www.ncbi.nlm.nih.gov/taxonomy/browser/wwwtax.cgi?id=1874687,marine plankton metagenome,metagenome,http://purl.obolibrary.org/obo/ENVO_00000038;http://purl.obolibrary.org/obo/ENVO_00001999;http://purl.obolibrary.org/obo/ENVO_00002042,2022-06-29,RFormosa_Wa_220629,Bruno Louro,https://orcid.org/0000-0001-8164-581X,low_tide,,0.2,1,5,fi,3-200,3,200,true,bucket,WaSOP 1,peristaltic pump,2022-06-29,"Ed7, room 1.10, freezer #300387-118",-80,Bruno Louro,https://orcid.org/0000-0001-8164-581X,,,false,2022-10-17,2022-10-26,-70,2023-06-01,2023-06-01,,,,,EMOBON_RFormosa_Wa_51
EMO BON RFormosa Wa 220629 3um_2,EMOBON metagenome water sample from station RFormosa collected on 2022-06-29 size fraction 3-200um,https://www.ncbi.nlm.nih.gov/taxonomy/browser/wwwtax.cgi?id=1874687,marine plankton metagenome,metagenome,http://purl.obolibrary.org/obo/ENVO_00000038;http://purl.obolibrary.org/obo/ENVO_00001999;http://purl.obolibrary.org/obo/ENVO_00002042,2022-06-29,RFormosa_Wa_220629,Bruno Louro,https://orcid.org/0000-0001-8164-581X,low_tide,,0.2,2,5,fi,3-200,3,200,true,bucket,WaSOP 1,peristaltic pump,2022-06-29,"Ed7, room 1.10, freezer #300387-118",-80,Bruno Louro,https://orcid.org/0000-0001-8164-581X,,,false,2022-10-17,2022-10-26,-70,2023-06-01,2023-06-01,,,,,EMOBON_RFormosa_Wa_52
EMO BON RFormosa Wa 220629 3um_3,EMOBON metagenome water sample from station RFormosa collected on 2022-06-29 size fraction 3-200um,https://www.ncbi.nlm.nih.gov/taxonomy/browser/wwwtax.cgi?id=1874687,marine plankton metagenome,metagenome,http://purl.obolibrary.org/obo/ENVO_00000038;http://purl.obolibrary.org/obo/ENVO_00001999;http://purl.obolibrary.org/obo/ENVO_00002042,2022-06-29,RFormosa_Wa_220629,Bruno Louro,https://orcid.org/0000-0001-8164-581X,low_tide,,0.2,3,5,fi,3-200,3,200,true,bucket,WaSOP 1,peristaltic pump,2022-06-29,"Ed7, room 1.10, freezer #300387-118",-80,Bruno Louro,https://orcid.org/0000-0001-8164-581X,,,true,,,,,,,,,,EMOBON_RFormosa_Wa_53
EMO BON RFormosa Wa 220629 3um_4,EMOBON metagenome water sample from station RFormosa collected on 2022-06-29 size fraction 3-200um,https://www.ncbi.nlm.nih.gov/taxonomy/browser/wwwtax.cgi?id=1874687,marine plankton metagenome,metagenome,http://purl.obolibrary.org/obo/ENVO_00000038;http://purl.obolibrary.org/obo/ENVO_00001999;http://purl.obolibrary.org/obo/ENVO_00002042,2022-06-29,RFormosa_Wa_220629,Bruno Louro,https://orcid.org/0000-0001-8164-581X,low_tide,,0.2,4,5,fi,3-200,3,200,true,bucket,WaSOP 1,peristaltic pump,2022-06-29,"Ed7, room 1.10, freezer #300387-118",-80,Bruno Louro,https://orcid.org/0000-0001-8164-581X,,,true,,,,,,,,,,EMOBON_RFormosa_Wa_54
EMO BON RFormosa Wa 220629 0.22um_1,EMOBON metagenome water sample from station RFormosa collected on 2022-06-29 size fraction 0.2-3um,https://www.ncbi.nlm.nih.gov/taxonomy/browser/wwwtax.cgi?id=1874687,marine plankton metagenome,metagenome,http://purl.obolibrary.org/obo/ENVO_00000038;http://purl.obolibrary.org/obo/ENVO_00001999;http://purl.obolibrary.org/obo/ENVO_00002042,2022-06-29,RFormosa_Wa_220629,Bruno Louro,https://orcid.org/0000-0001-8164-581X,low_tide,,0.2,1,5,fi,0.2-3,0.2,3,true,bucket,WaSOP 1,peristaltic pump,2022-06-29,"Ed7, room 1.10, freezer #300387-118",-80,Bruno Louro,https://orcid.org/0000-0001-8164-581X,,,false,2022-10-17,2022-10-26,-70,2023-06-01,2023-06-01,,,,,EMOBON_RFormosa_Wa_55
EMO BON RFormosa Wa 220629 0.22um_2,EMOBON metagenome water sample from station RFormosa collected on 2022-06-29 size fraction 0.2-3um,https://www.ncbi.nlm.nih.gov/taxonomy/browser/wwwtax.cgi?id=1874687,marine plankton metagenome,metagenome,http://purl.obolibrary.org/obo/ENVO_00000038;http://purl.obolibrary.org/obo/ENVO_00001999;http://purl.obolibrary.org/obo/ENVO_00002042,2022-06-29,RFormosa_Wa_220629,Bruno Louro,https://orcid.org/0000-0001-8164-581X,low_tide,,0.2,2,5,fi,0.2-3,0.2,3,true,bucket,WaSOP 1,peristaltic pump,2022-06-29,"Ed7, room 1.10, freezer #300387-118",-80,Bruno Louro,https://orcid.org/0000-0001-8164-581X,,,false,2022-10-17,2022-10-26,-70,2023-06-01,2023-06-01,,,,,EMOBON_RFormosa_Wa_56
EMO BON RFormosa Wa 220629 0.22um_3,EMOBON metagenome water sample from station RFormosa collected on 2022-06-29 size fraction 0.2-3um,https://www.ncbi.nlm.nih.gov/taxonomy/browser/wwwtax.cgi?id=1874687,marine plankton metagenome,metagenome,http://purl.obolibrary.org/obo/ENVO_00000038;http://purl.obolibrary.org/obo/ENVO_00001999;http://purl.obolibrary.org/obo/ENVO_00002042,2022-06-29,RFormosa_Wa_220629,Bruno Louro,https://orcid.org/0000-0001-8164-581X,low_tide,,0.2,3,5,fi,0.2-3,0.2,3,true,bucket,WaSOP 1,peristaltic pump,2022-06-29,"Ed7, room 1.10, freezer #300387-118",-80,Bruno Louro,https://orcid.org/0000-0001-8164-581X,,,true,,,,,,,,,,EMOBON_RFormosa_Wa_57
EMO BON RFormosa Wa 220629 0.22um_4,EMOBON metagenome water sample from station RFormosa collected on 2022-06-29 size fraction 0.2-3um,https://www.ncbi.nlm.nih.gov/taxonomy/browser/wwwtax.cgi?id=1874687,marine plankton metagenome,metagenome,http://purl.obolibrary.org/obo/ENVO_00000038;http://purl.obolibrary.org/obo/ENVO_00001999;http://purl.obolibrary.org/obo/ENVO_00002042,2022-06-29,RFormosa_Wa_220629,Bruno Louro,https://orcid.org/0000-0001-8164-581X,low_tide,,0.2,4,5,fi,0.2-3,0.2,3,true,bucket,WaSOP 1,peristaltic pump,2022-06-29,"Ed7, room 1.10, freezer #300387-118",-80,Bruno Louro,https://orcid.org/0000-0001-8164-581X,,,true,,,,,,,,,,EMOBON_RFormosa_Wa_58
EMO BON RFormosa Wa 220629 3um_Blank,EMOBON metagenome water sample from station RFormosa collected on 2022-06-29 size fraction 3-200um,https://www.ncbi.nlm.nih.gov/taxonomy/browser/wwwtax.cgi?id=256318,metagenome,metagenome,http://purl.obolibrary.org/obo/ENVO_00000038;http://purl.obolibrary.org/obo/ENVO_00001999;http://purl.obolibrary.org/obo/ENVO_00002042,2022-06-29,RFormosa_Wa_220629,Bruno Louro,https://orcid.org/0000-0001-8164-581X,low_tide,,,blank_1,5,fi,3-200,3,200,false,,WaSOP 1,peristaltic pump,2022-06-29,"Ed7, room 1.10, freezer #300387-118",-80,Bruno Louro,https://orcid.org/0000-0001-8164-581X,,,true,,,,,,,,,,EMOBON_RFormosa_Wa_59
EMO BON RFormosa Wa 220629 0.22um_Blank,EMOBON metagenome water sample from station RFormosa collected on 2022-06-29 size fraction 0.2-3um,https://www.ncbi.nlm.nih.gov/taxonomy/browser/wwwtax.cgi?id=256318,metagenome,metagenome,http://purl.obolibrary.org/obo/ENVO_00000038;http://purl.obolibrary.org/obo/ENVO_00001999;http://purl.obolibrary.org/obo/ENVO_00002042,2022-06-29,RFormosa_Wa_220629,Bruno Louro,https://orcid.org/0000-0001-8164-581X,low_tide,,,blank_1,5,fi,0.2-3,0.2,3,false,,WaSOP 1,peristaltic pump,2022-06-29,"Ed7, room 1.10, freezer #300387-118",-80,Bruno Louro,https://orcid.org/0000-0001-8164-581X,,,true,,,,,,,,,,EMOBON_RFormosa_Wa_60
EMO BON RFormosa Wa 2200909 3um_1,EMOBON metagenome water sample from station RFormosa collected on 2022-09-09 size fraction 3-200um,https://www.ncbi.nlm.nih.gov/taxonomy/browser/wwwtax.cgi?id=1874687,marine plankton metagenome,metagenome,http://purl.obolibrary.org/obo/ENVO_00000038;http://purl.obolibrary.org/obo/ENVO_00001999;http://purl.obolibrary.org/obo/ENVO_00002042,2022-09-09,RFormosa_Wa_220909,Bruno Louro,https://orcid.org/0000-0001-8164-581X,low_tide,,0.2,1,5,fi,3-200,3,200,true,bucket,WaSOP 1,peristaltic pump,2022-09-09,"Ed7, room 1.10, freezer #300387-118",-80,Bruno Louro,https://orcid.org/0000-0001-8164-581X,,,false,2022-10-17,2022-10-26,-70,2023-06-01,2023-06-01,,,,,EMOBON_RFormosa_Wa_61
EMO BON RFormosa Wa 2200909 3um_2,EMOBON metagenome water sample from station RFormosa collected on 2022-09-09 size fraction 3-200um,https://www.ncbi.nlm.nih.gov/taxonomy/browser/wwwtax.cgi?id=1874687,marine plankton metagenome,metagenome,http://purl.obolibrary.org/obo/ENVO_00000038;http://purl.obolibrary.org/obo/ENVO_00001999;http://purl.obolibrary.org/obo/ENVO_00002042,2022-09-09,RFormosa_Wa_220909,Bruno Louro,https://orcid.org/0000-0001-8164-581X,low_tide,,0.2,2,5,fi,3-200,3,200,true,bucket,WaSOP 1,peristaltic pump,2022-09-09,"Ed7, room 1.10, freezer #300387-118",-80,Bruno Louro,https://orcid.org/0000-0001-8164-581X,,,false,2022-10-17,2022-10-26,-70,2023-06-01,2023-06-01,,,,,EMOBON_RFormosa_Wa_62
EMO BON RFormosa Wa 220909 3um_3,EMOBON metagenome water sample from station RFormosa collected on 2022-09-09 size fraction 3-200um,https://www.ncbi.nlm.nih.gov/taxonomy/browser/wwwtax.cgi?id=1874687,marine plankton metagenome,metagenome,http://purl.obolibrary.org/obo/ENVO_00000038;http://purl.obolibrary.org/obo/ENVO_00001999;http://purl.obolibrary.org/obo/ENVO_00002042,2022-09-09,RFormosa_Wa_220909,Bruno Louro,https://orcid.org/0000-0001-8164-581X,low_tide,,0.2,3,5,fi,3-200,3,200,true,bucket,WaSOP 1,peristaltic pump,2022-09-09,"Ed7, room 1.10, freezer #300387-118",-80,Bruno Louro,https://orcid.org/0000-0001-8164-581X,,,true,,,,,,,,,,EMOBON_RFormosa_Wa_63
EMO BON RFormosa Wa 220909 3um_4,EMOBON metagenome water sample from station RFormosa collected on 2022-09-09 size fraction 3-200um,https://www.ncbi.nlm.nih.gov/taxonomy/browser/wwwtax.cgi?id=1874687,marine plankton metagenome,metagenome,http://purl.obolibrary.org/obo/ENVO_00000038;http://purl.obolibrary.org/obo/ENVO_00001999;http://purl.obolibrary.org/obo/ENVO_00002042,2022-09-09,RFormosa_Wa_220909,Bruno Louro,https://orcid.org/0000-0001-8164-581X,low_tide,,0.2,4,5,fi,3-200,3,200,true,bucket,WaSOP 1,peristaltic pump,2022-09-09,"Ed7, room 1.10, freezer #300387-118",-80,Bruno Louro,https://orcid.org/0000-0001-8164-581X,,,true,,,,,,,,,,EMOBON_RFormosa_Wa_64
EMO BON RFormosa Wa 220909 0.22um_1,EMOBON metagenome water sample from station RFormosa collected on 2022-09-09 size fraction 0.2-3um,https://www.ncbi.nlm.nih.gov/taxonomy/browser/wwwtax.cgi?id=1874687,marine plankton metagenome,metagenome,http://purl.obolibrary.org/obo/ENVO_00000038;http://purl.obolibrary.org/obo/ENVO_00001999;http://purl.obolibrary.org/obo/ENVO_00002042,2022-09-09,RFormosa_Wa_220909,Bruno Louro,https://orcid.org/0000-0001-8164-581X,low_tide,,0.2,1,5,fi,0.2-3,0.2,3,true,bucket,WaSOP 1,peristaltic pump,2022-09-09,"Ed7, room 1.10, freezer #300387-118",-80,Bruno Louro,https://orcid.org/0000-0001-8164-581X,,,false,2022-10-17,2022-10-26,-70,2023-06-01,2023-06-01,,,,,EMOBON_RFormosa_Wa_65
EMO BON RFormosa Wa 220909 0.22um_2,EMOBON metagenome water sample from station RFormosa collected on 2022-09-09 size fraction 0.2-3um,https://www.ncbi.nlm.nih.gov/taxonomy/browser/wwwtax.cgi?id=1874687,marine plankton metagenome,metagenome,http://purl.obolibrary.org/obo/ENVO_00000038;http://purl.obolibrary.org/obo/ENVO_00001999;http://purl.obolibrary.org/obo/ENVO_00002042,2022-09-09,RFormosa_Wa_220909,Bruno Louro,https://orcid.org/0000-0001-8164-581X,low_tide,,0.2,2,5,fi,0.2-3,0.2,3,true,bucket,WaSOP 1,peristaltic pump,2022-09-09,"Ed7, room 1.10, freezer #300387-118",-80,Bruno Louro,https://orcid.org/0000-0001-8164-581X,,,false,2022-10-17,2022-10-26,-70,2023-06-01,2023-06-01,,,,,EMOBON_RFormosa_Wa_66
EMO BON RFormosa Wa 220909 0.22um_3,EMOBON metagenome water sample from station RFormosa collected on 2022-09-09 size fraction 0.2-3um,https://www.ncbi.nlm.nih.gov/taxonomy/browser/wwwtax.cgi?id=1874687,marine plankton metagenome,metagenome,http://purl.obolibrary.org/obo/ENVO_00000038;http://purl.obolibrary.org/obo/ENVO_00001999;http://purl.obolibrary.org/obo/ENVO_00002042,2022-09-09,RFormosa_Wa_220909,Bruno Louro,https://orcid.org/0000-0001-8164-581X,low_tide,,0.2,3,5,fi,0.2-3,0.2,3,true,bucket,WaSOP 1,peristaltic pump,2022-09-09,"Ed7, room 1.10, freezer #300387-118",-80,Bruno Louro,https://orcid.org/0000-0001-8164-581X,,,true,,,,,,,,,,EMOBON_RFormosa_Wa_67
EMO BON RFormosa Wa 220909 0.22um_4,EMOBON metagenome water sample from station RFormosa collected on 2022-09-09 size fraction 0.2-3um,https://www.ncbi.nlm.nih.gov/taxonomy/browser/wwwtax.cgi?id=1874687,marine plankton metagenome,metagenome,http://purl.obolibrary.org/obo/ENVO_00000038;http://purl.obolibrary.org/obo/ENVO_00001999;http://purl.obolibrary.org/obo/ENVO_00002042,2022-09-09,RFormosa_Wa_220909,Bruno Louro,https://orcid.org/0000-0001-8164-581X,low_tide,,0.2,4,5,fi,0.2-3,0.2,3,true,bucket,WaSOP 1,peristaltic pump,2022-09-09,"Ed7, room 1.10, freezer #300387-118",-80,Bruno Louro,https://orcid.org/0000-0001-8164-581X,,,true,,,,,,,,,,EMOBON_RFormosa_Wa_68
EMO BON RFormosa Wa 220909 3um_Blank,EMOBON metagenome water sample from station RFormosa collected on 2022-09-09 size fraction 3-200um,https://www.ncbi.nlm.nih.gov/taxonomy/browser/wwwtax.cgi?id=256318,metagenome,metagenome,http://purl.obolibrary.org/obo/ENVO_00000038;http://purl.obolibrary.org/obo/ENVO_00001999;http://purl.obolibrary.org/obo/ENVO_00002042,2022-09-09,RFormosa_Wa_220909,Bruno Louro,https://orcid.org/0000-0001-8164-581X,low_tide,,,blank_1,5,fi,3-200,3,200,false,,WaSOP 1,peristaltic pump,2022-09-09,"Ed7, room 1.10, freezer #300387-118",-80,Bruno Louro,https://orcid.org/0000-0001-8164-581X,,,true,,,,,,,,,,EMOBON_RFormosa_Wa_69
EMO BON RFormosa Wa 220909 0.22um_Blank,EMOBON metagenome water sample from station RFormosa collected on 2022-09-09 size fraction 0.2-3um,https://www.ncbi.nlm.nih.gov/taxonomy/browser/wwwtax.cgi?id=256318,metagenome,metagenome,http://purl.obolibrary.org/obo/ENVO_00000038;http://purl.obolibrary.org/obo/ENVO_00001999;http://purl.obolibrary.org/obo/ENVO_00002042,2022-09-09,RFormosa_Wa_220909,Bruno Louro,https://orcid.org/0000-0001-8164-581X,low_tide,,,blank_1,5,fi,0.2-3,0.2,3,false,,WaSOP 1,peristaltic pump,2022-09-09,"Ed7, room 1.10, freezer #300387-118",-80,Bruno Louro,https://orcid.org/0000-0001-8164-581X,,,true,,,,,,,,,,EMOBON_RFormosa_Wa_70
EMO BON RFormosa Wa 221021 3um_1,EMOBON metagenome water sample from station RFormosa collected on 2022-10-21 size fraction 3-200um,https://www.ncbi.nlm.nih.gov/taxonomy/browser/wwwtax.cgi?id=1874687,marine plankton metagenome,metagenome,http://purl.obolibrary.org/obo/ENVO_00000038;http://purl.obolibrary.org/obo/ENVO_00001999;http://purl.obolibrary.org/obo/ENVO_00002042,2022-10-21,RFormosa_Wa_221021,Bruno Louro,https://orcid.org/0000-0001-8164-581X,low_tide,,0.2,1,5,fi,3-200,3,200,true,bucket,WaSOP 1,peristaltic pump,2022-10-21,"Ed7, room 1.10, freezer #300387-118",-80,Bruno Louro,https://orcid.org/0000-0001-8164-581X,,,false,2023-06-19,2023-07-03,-70,2024-04-17,2024-04-18,batch_4,false,,,EMOBON_RFormosa_Wa_71
EMO BON RFormosa Wa 221021 3um_2,EMOBON metagenome water sample from station RFormosa collected on 2022-10-21 size fraction 3-200um,https://www.ncbi.nlm.nih.gov/taxonomy/browser/wwwtax.cgi?id=1874687,marine plankton metagenome,metagenome,http://purl.obolibrary.org/obo/ENVO_00000038;http://purl.obolibrary.org/obo/ENVO_00001999;http://purl.obolibrary.org/obo/ENVO_00002042,2022-10-21,RFormosa_Wa_221021,Bruno Louro,https://orcid.org/0000-0001-8164-581X,low_tide,,0.2,2,5,fi,3-200,3,200,true,bucket,WaSOP 1,peristaltic pump,2022-10-21,"Ed7, room 1.10, freezer #300387-118",-80,Bruno Louro,https://orcid.org/0000-0001-8164-581X,,,false,2023-06-19,2023-07-03,-70,2024-04-17,2024-04-18,batch_4,false,,,EMOBON_RFormosa_Wa_72
EMO BON RFormosa Wa 221021 3um_3,EMOBON metagenome water sample from station RFormosa collected on 2022-10-21 size fraction 3-200um,https://www.ncbi.nlm.nih.gov/taxonomy/browser/wwwtax.cgi?id=1874687,marine plankton metagenome,metagenome,http://purl.obolibrary.org/obo/ENVO_00000038;http://purl.obolibrary.org/obo/ENVO_00001999;http://purl.obolibrary.org/obo/ENVO_00002042,2022-10-21,RFormosa_Wa_221021,Bruno Louro,https://orcid.org/0000-0001-8164-581X,low_tide,,0.2,3,5,fi,3-200,3,200,true,bucket,WaSOP 1,peristaltic pump,2022-10-21,"Ed7, room 1.10, freezer #300387-118",-80,Bruno Louro,https://orcid.org/0000-0001-8164-581X,,,true,,,,,,,,,,EMOBON_RFormosa_Wa_73
EMO BON RFormosa Wa 221021 3um_4,EMOBON metagenome water sample from station RFormosa collected on 2022-10-21 size fraction 3-200um,https://www.ncbi.nlm.nih.gov/taxonomy/browser/wwwtax.cgi?id=1874687,marine plankton metagenome,metagenome,http://purl.obolibrary.org/obo/ENVO_00000038;http://purl.obolibrary.org/obo/ENVO_00001999;http://purl.obolibrary.org/obo/ENVO_00002042,2022-10-21,RFormosa_Wa_221021,Bruno Louro,https://orcid.org/0000-0001-8164-581X,low_tide,,0.2,4,5,fi,3-200,3,200,true,bucket,WaSOP 1,peristaltic pump,2022-10-21,"Ed7, room 1.10, freezer #300387-118",-80,Bruno Louro,https://orcid.org/0000-0001-8164-581X,,,true,,,,,,,,,,EMOBON_RFormosa_Wa_74
EMO BON RFormosa Wa 221021 0.22um_1,EMOBON metagenome water sample from station RFormosa collected on 2022-10-21 size fraction 0.2-3um,https://www.ncbi.nlm.nih.gov/taxonomy/browser/wwwtax.cgi?id=1874687,marine plankton metagenome,metagenome,http://purl.obolibrary.org/obo/ENVO_00000038;http://purl.obolibrary.org/obo/ENVO_00001999;http://purl.obolibrary.org/obo/ENVO_00002042,2022-10-21,RFormosa_Wa_221021,Bruno Louro,https://orcid.org/0000-0001-8164-581X,low_tide,,0.2,1,5,fi,0.2-3,0.2,3,true,bucket,WaSOP 1,peristaltic pump,2022-10-21,"Ed7, room 1.10, freezer #300387-118",-80,Bruno Louro,https://orcid.org/0000-0001-8164-581X,,,false,2023-06-19,2023-07-03,-70,2024-04-17,2024-04-18,batch_4,false,,,EMOBON_RFormosa_Wa_75
EMO BON RFormosa Wa 221021 0.22um_2,EMOBON metagenome water sample from station RFormosa collected on 2022-10-21 size fraction 0.2-3um,https://www.ncbi.nlm.nih.gov/taxonomy/browser/wwwtax.cgi?id=1874687,marine plankton metagenome,metagenome,http://purl.obolibrary.org/obo/ENVO_00000038;http://purl.obolibrary.org/obo/ENVO_00001999;http://purl.obolibrary.org/obo/ENVO_00002042,2022-10-21,RFormosa_Wa_221021,Bruno Louro,https://orcid.org/0000-0001-8164-581X,low_tide,,0.2,2,5,fi,0.2-3,0.2,3,true,bucket,WaSOP 1,peristaltic pump,2022-10-21,"Ed7, room 1.10, freezer #300387-118",-80,Bruno Louro,https://orcid.org/0000-0001-8164-581X,,,false,2023-06-19,2023-07-03,-70,2024-04-17,2024-04-18,batch_4,false,,,EMOBON_RFormosa_Wa_76
EMO BON RFormosa Wa 221021 0.22um_3,EMOBON metagenome water sample from station RFormosa collected on 2022-10-21 size fraction 0.2-3um,https://www.ncbi.nlm.nih.gov/taxonomy/browser/wwwtax.cgi?id=1874687,marine plankton metagenome,metagenome,http://purl.obolibrary.org/obo/ENVO_00000038;http://purl.obolibrary.org/obo/ENVO_00001999;http://purl.obolibrary.org/obo/ENVO_00002042,2022-10-21,RFormosa_Wa_221021,Bruno Louro,https://orcid.org/0000-0001-8164-581X,low_tide,,0.2,3,5,fi,0.2-3,0.2,3,true,bucket,WaSOP 1,peristaltic pump,2022-10-21,"Ed7, room 1.10, freezer #300387-118",-80,Bruno Louro,https://orcid.org/0000-0001-8164-581X,,,true,,,,,,,,,,EMOBON_RFormosa_Wa_77
EMO BON RFormosa Wa 221021 0.22um_4,EMOBON metagenome water sample from station RFormosa collected on 2022-10-21 size fraction 0.2-3um,https://www.ncbi.nlm.nih.gov/taxonomy/browser/wwwtax.cgi?id=1874687,marine plankton metagenome,metagenome,http://purl.obolibrary.org/obo/ENVO_00000038;http://purl.obolibrary.org/obo/ENVO_00001999;http://purl.obolibrary.org/obo/ENVO_00002042,2022-10-21,RFormosa_Wa_221021,Bruno Louro,https://orcid.org/0000-0001-8164-581X,low_tide,,0.2,4,5,fi,0.2-3,0.2,3,true,bucket,WaSOP 1,peristaltic pump,2022-10-21,"Ed7, room 1.10, freezer #300387-118",-80,Bruno Louro,https://orcid.org/0000-0001-8164-581X,,,true,,,,,,,,,,EMOBON_RFormosa_Wa_78
EMO BON RFormosa Wa 221021 3um_Blank,EMOBON metagenome water sample from station RFormosa collected on 2022-10-21 size fraction 3-200um,https://www.ncbi.nlm.nih.gov/taxonomy/browser/wwwtax.cgi?id=256318,metagenome,metagenome,http://purl.obolibrary.org/obo/ENVO_00000038;http://purl.obolibrary.org/obo/ENVO_00001999;http://purl.obolibrary.org/obo/ENVO_00002042,2022-10-21,RFormosa_Wa_221021,Bruno Louro,https://orcid.org/0000-0001-8164-581X,low_tide,,,blank_1,5,fi,3-200,3,200,false,,WaSOP 1,peristaltic pump,2022-10-21,"Ed7, room 1.10, freezer #300387-118",-80,Bruno Louro,https://orcid.org/0000-0001-8164-581X,,,true,,,,,,,,,,EMOBON_RFormosa_Wa_79
EMO BON RFormosa Wa 221021 0.22um_Blank,EMOBON metagenome water sample from station RFormosa collected on 2022-10-21 size fraction 0.2-3um,https://www.ncbi.nlm.nih.gov/taxonomy/browser/wwwtax.cgi?id=256318,metagenome,metagenome,http://purl.obolibrary.org/obo/ENVO_00000038;http://purl.obolibrary.org/obo/ENVO_00001999;http://purl.obolibrary.org/obo/ENVO_00002042,2022-10-21,RFormosa_Wa_221021,Bruno Louro,https://orcid.org/0000-0001-8164-581X,low_tide,,,blank_1,5,fi,0.2-3,0.2,3,false,,WaSOP 1,peristaltic pump,2022-10-21,"Ed7, room 1.10, freezer #300387-118",-80,Bruno Louro,https://orcid.org/0000-0001-8164-581X,,,true,,,,,,,,,,EMOBON_RFormosa_Wa_80
EMO BON RFormosa Wa 221216 3um_1,EMOBON metagenome water sample from station RFormosa collected on 2022-12-16 size fraction 3-200um,https://www.ncbi.nlm.nih.gov/taxonomy/browser/wwwtax.cgi?id=1874687,marine plankton metagenome,metagenome,http://purl.obolibrary.org/obo/ENVO_00000038;http://purl.obolibrary.org/obo/ENVO_00001999;http://purl.obolibrary.org/obo/ENVO_00002042,2022-12-16,RFormosa_Wa_221216,Bruno Louro,https://orcid.org/0000-0001-8164-581X,low_tide,,0.2,1,5,fi,3-200,3,200,true,bucket,WaSOP 1,peristaltic pump,2022-12-16,"Ed7, room 1.10, freezer #300387-118",-80,Bruno Louro,https://orcid.org/0000-0001-8164-581X,,,false,2023-06-19,2023-07-03,-70,2024-04-17,2024-04-18,batch_4,true,library preparation failed and there was no more DNA,,EMOBON_RFormosa_Wa_81
EMO BON RFormosa Wa 221216 3um_2,EMOBON metagenome water sample from station RFormosa collected on 2022-12-16 size fraction 3-200um,https://www.ncbi.nlm.nih.gov/taxonomy/browser/wwwtax.cgi?id=1874687,marine plankton metagenome,metagenome,http://purl.obolibrary.org/obo/ENVO_00000038;http://purl.obolibrary.org/obo/ENVO_00001999;http://purl.obolibrary.org/obo/ENVO_00002042,2022-12-16,RFormosa_Wa_221216,Bruno Louro,https://orcid.org/0000-0001-8164-581X,low_tide,,0.2,2,5,fi,3-200,3,200,true,bucket,WaSOP 1,peristaltic pump,2022-12-16,"Ed7, room 1.10, freezer #300387-118",-80,Bruno Louro,https://orcid.org/0000-0001-8164-581X,,,false,2023-06-19,2023-07-03,-70,2024-04-17,2024-04-18,batch_4,true,library preparation failed and there was no more DNA,,EMOBON_RFormosa_Wa_82
EMO BON RFormosa Wa 221216 3um_3,EMOBON metagenome water sample from station RFormosa collected on 2022-12-16 size fraction 3-200um,https://www.ncbi.nlm.nih.gov/taxonomy/browser/wwwtax.cgi?id=1874687,marine plankton metagenome,metagenome,http://purl.obolibrary.org/obo/ENVO_00000038;http://purl.obolibrary.org/obo/ENVO_00001999;http://purl.obolibrary.org/obo/ENVO_00002042,2022-12-16,RFormosa_Wa_221216,Bruno Louro,https://orcid.org/0000-0001-8164-581X,low_tide,,0.2,3,5,fi,3-200,3,200,true,bucket,WaSOP 1,peristaltic pump,2022-12-16,"Ed7, room 1.10, freezer #300387-118",-80,Bruno Louro,https://orcid.org/0000-0001-8164-581X,,,true,,,,,,,,,,EMOBON_RFormosa_Wa_83
EMO BON RFormosa Wa 221216 3um_4,EMOBON metagenome water sample from station RFormosa collected on 2022-12-16 size fraction 3-200um,https://www.ncbi.nlm.nih.gov/taxonomy/browser/wwwtax.cgi?id=1874687,marine plankton metagenome,metagenome,http://purl.obolibrary.org/obo/ENVO_00000038;http://purl.obolibrary.org/obo/ENVO_00001999;http://purl.obolibrary.org/obo/ENVO_00002042,2022-12-16,RFormosa_Wa_221216,Bruno Louro,https://orcid.org/0000-0001-8164-581X,low_tide,,0.2,4,5,fi,3-200,3,200,true,bucket,WaSOP 1,peristaltic pump,2022-12-16,"Ed7, room 1.10, freezer #300387-118",-80,Bruno Louro,https://orcid.org/0000-0001-8164-581X,,,true,,,,,,,,,,EMOBON_RFormosa_Wa_84
EMO BON RFormosa Wa 221216 0.22um_1,EMOBON metagenome water sample from station RFormosa collected on 2022-12-16 size fraction 0.2-3um,https://www.ncbi.nlm.nih.gov/taxonomy/browser/wwwtax.cgi?id=1874687,marine plankton metagenome,metagenome,http://purl.obolibrary.org/obo/ENVO_00000038;http://purl.obolibrary.org/obo/ENVO_00001999;http://purl.obolibrary.org/obo/ENVO_00002042,2022-12-16,RFormosa_Wa_221216,Bruno Louro,https://orcid.org/0000-0001-8164-581X,low_tide,,0.2,1,5,fi,0.2-3,0.2,3,true,bucket,WaSOP 1,peristaltic pump,2022-12-16,"Ed7, room 1.10, freezer #300387-118",-80,Bruno Louro,https://orcid.org/0000-0001-8164-581X,,,false,2023-06-19,2023-07-03,-70,2024-04-17,2024-04-18,batch_4,false,,,EMOBON_RFormosa_Wa_85
EMO BON RFormosa Wa 221216 0.22um_2,EMOBON metagenome water sample from station RFormosa collected on 2022-12-16 size fraction 0.2-3um,https://www.ncbi.nlm.nih.gov/taxonomy/browser/wwwtax.cgi?id=1874687,marine plankton metagenome,metagenome,http://purl.obolibrary.org/obo/ENVO_00000038;http://purl.obolibrary.org/obo/ENVO_00001999;http://purl.obolibrary.org/obo/ENVO_00002042,2022-12-16,RFormosa_Wa_221216,Bruno Louro,https://orcid.org/0000-0001-8164-581X,low_tide,,0.2,2,5,fi,0.2-3,0.2,3,true,bucket,WaSOP 1,peristaltic pump,2022-12-16,"Ed7, room 1.10, freezer #300387-118",-80,Bruno Louro,https://orcid.org/0000-0001-8164-581X,,,false,2023-06-19,2023-07-03,-70,2024-04-17,2024-04-18,batch_4,false,,,EMOBON_RFormosa_Wa_86
EMO BON RFormosa Wa 221216 0.22um_3,EMOBON metagenome water sample from station RFormosa collected on 2022-12-16 size fraction 0.2-3um,https://www.ncbi.nlm.nih.gov/taxonomy/browser/wwwtax.cgi?id=1874687,marine plankton metagenome,metagenome,http://purl.obolibrary.org/obo/ENVO_00000038;http://purl.obolibrary.org/obo/ENVO_00001999;http://purl.obolibrary.org/obo/ENVO_00002042,2022-12-16,RFormosa_Wa_221216,Bruno Louro,https://orcid.org/0000-0001-8164-581X,low_tide,,0.2,3,5,fi,0.2-3,0.2,3,true,bucket,WaSOP 1,peristaltic pump,2022-12-16,"Ed7, room 1.10, freezer #300387-118",-80,Bruno Louro,https://orcid.org/0000-0001-8164-581X,,,true,,,,,,,,,,EMOBON_RFormosa_Wa_87
EMO BON RFormosa Wa 221216 0.22um_4,EMOBON metagenome water sample from station RFormosa collected on 2022-12-16 size fraction 0.2-3um,https://www.ncbi.nlm.nih.gov/taxonomy/browser/wwwtax.cgi?id=1874687,marine plankton metagenome,metagenome,http://purl.obolibrary.org/obo/ENVO_00000038;http://purl.obolibrary.org/obo/ENVO_00001999;http://purl.obolibrary.org/obo/ENVO_00002042,2022-12-16,RFormosa_Wa_221216,Bruno Louro,https://orcid.org/0000-0001-8164-581X,low_tide,,0.2,4,5,fi,0.2-3,0.2,3,true,bucket,WaSOP 1,peristaltic pump,2022-12-16,"Ed7, room 1.10, freezer #300387-118",-80,Bruno Louro,https://orcid.org/0000-0001-8164-581X,,,true,,,,,,,,,,EMOBON_RFormosa_Wa_88
EMO BON RFormosa Wa 221216 3um_Blank,EMOBON metagenome water sample from station RFormosa collected on 2022-12-16 size fraction 3-200um,https://www.ncbi.nlm.nih.gov/taxonomy/browser/wwwtax.cgi?id=256318,metagenome,metagenome,http://purl.obolibrary.org/obo/ENVO_00000038;http://purl.obolibrary.org/obo/ENVO_00001999;http://purl.obolibrary.org/obo/ENVO_00002042,2022-12-16,RFormosa_Wa_221216,Bruno Louro,https://orcid.org/0000-0001-8164-581X,low_tide,,,blank_1,5,fi,3-200,3,200,false,,WaSOP 1,peristaltic pump,2022-12-16,"Ed7, room 1.10, freezer #300387-118",-80,Bruno Louro,https://orcid.org/0000-0001-8164-581X,,,true,,,,,,,,,,EMOBON_RFormosa_Wa_89
EMO BON RFormosa Wa 221216 0.22um_Blank,EMOBON metagenome water sample from station RFormosa collected on 2022-12-16 size fraction 0.2-3um,https://www.ncbi.nlm.nih.gov/taxonomy/browser/wwwtax.cgi?id=256318,metagenome,metagenome,http://purl.obolibrary.org/obo/ENVO_00000038;http://purl.obolibrary.org/obo/ENVO_00001999;http://purl.obolibrary.org/obo/ENVO_00002042,2022-12-16,RFormosa_Wa_221216,Bruno Louro,https://orcid.org/0000-0001-8164-581X,low_tide,,,blank_1,5,fi,0.2-3,0.2,3,false,,WaSOP 1,peristaltic pump,2022-12-16,"Ed7, room 1.10, freezer #300387-118",-80,Bruno Louro,https://orcid.org/0000-0001-8164-581X,,,true,,,,,,,,,,EMOBON_RFormosa_Wa_90
EMO BON RFormosa Wa 260430 0.22um_1,,,,,,,,,,,,,,,,,,,,,,,,,,,,,,,pls ship for batch 9,,,,,,,,,EMOBON_RFormosa_Wa_251
EMO BON RFormosa Wa 260430 0.22um_2,,,,,,,,,,,,,,,,,,,,,,,,,,,,,,,,,,,,,,,,EMOBON_RFormosa_Wa_252
EMO BON RFormosa Wa 260430 0.22um_3,,,,,,,,,,,,,,,,,,,,,,,,,,,,,,,,,,,,,,,,EMOBON_RFormosa_Wa_253
EMO BON RFormosa Wa 260430 0.22um_4,,,,,,,,,,,,,,,,,,,,,,,,,,,,,,,,,,,,,,,,EMOBON_RFormosa_Wa_254
EMO BON RFormosa Wa 260430 3um_1,,,,,,,,,,,,,,,,,,,,,,,,,,,,,,,pls ship for batch 9,,,,,,,,,EMOBON_RFormosa_Wa_255
EMO BON RFormosa Wa 260430 3um_2,,,,,,,,,,,,,,,,,,,,,,,,,,,,,,,,,,,,,,,,EMOBON_RFormosa_Wa_256
EMO BON RFormosa Wa 260430 3um_3,,,,,,,,,,,,,,,,,,,,,,,,,,,,,,,,,,,,,,,,EMOBON_RFormosa_Wa_257
EMO BON RFormosa Wa 260430 3um_4,,,,,,,,,,,,,,,,,,,,,,,,,,,,,,,,,,,,,,,,EMOBON_RFormosa_Wa_258
EMO BON RFormosa Wa 260430 3um_Blank,,,,,,,,,,,,,,,,,,,,,,,,,,,,,,,,,,,,,,,,EMOBON_RFormosa_Wa_259
EMO BON RFormosa Wa 260430 0.22um_Blank,,,,,,,,,,,,,,,,,,,,,,,,,,,,,,,,,,,,,,,,EMOBON_RFormosa_Wa_260
,,,,,,,,,,,,,,,,,,,,,,,,,,,,,,,,,,,,,,,,EMOBON_RFormosa_Wa_261
,,,,,,,,,,,,,,,,,,,,,,,,,,,,,,,,,,,,,,,,EMOBON_RFormosa_Wa_262
,,,,,,,,,,,,,,,,,,,,,,,,,,,,,,,,,,,,,,,,EMOBON_RFormosa_Wa_263
,,,,,,,,,,,,,,,,,,,,,,,,,,,,,,,,,,,,,,,,EMOBON_RFormosa_Wa_264
,,,,,,,,,,,,,,,,,,,,,,,,,,,,,,,,,,,,,,,,EMOBON_RFormosa_Wa_265
,,,,,,,,,,,,,,,,,,,,,,,,,,,,,,,,,,,,,,,,EMOBON_RFormosa_Wa_266
,,,,,,,,,,,,,,,,,,,,,,,,,,,,,,,,,,,,,,,,EMOBON_RFormosa_Wa_267
,,,,,,,,,,,,,,,,,,,,,,,,,,,,,,,,,,,,,,,,EMOBON_RFormosa_Wa_268
,,,,,,,,,,,,,,,,,,,,,,,,,,,,,,,,,,,,,,,,EMOBON_RFormosa_Wa_269
,,,,,,,,,,,,,,,,,,,,,,,,,,,,,,,,,,,,,,,,EMOBON_RFormosa_Wa_270
,,,,,,,,,,,,,,,,,,,,,,,,,,,,,,,,,,,,,,,,EMOBON_RFormosa_Wa_271
,,,,,,,,,,,,,,,,,,,,,,,,,,,,,,,,,,,,,,,,EMOBON_RFormosa_Wa_272
,,,,,,,,,,,,,,,,,,,,,,,,,,,,,,,,,,,,,,,,EMOBON_RFormosa_Wa_273
,,,,,,,,,,,,,,,,,,,,,,,,,,,,,,,,,,,,,,,,EMOBON_RFormosa_Wa_274
,,,,,,,,,,,,,,,,,,,,,,,,,,,,,,,,,,,,,,,,EMOBON_RFormosa_Wa_275
,,,,,,,,,,,,,,,,,,,,,,,,,,,,,,,,,,,,,,,,EMOBON_RFormosa_Wa_276
,,,,,,,,,,,,,,,,,,,,,,,,,,,,,,,,,,,,,,,,EMOBON_RFormosa_Wa_277
,,,,,,,,,,,,,,,,,,,,,,,,,,,,,,,,,,,,,,,,EMOBON_RFormosa_Wa_278
,,,,,,,,,,,,,,,,,,,,,,,,,,,,,,,,,,,,,,,,EMOBON_RFormosa_Wa_279
,,,,,,,,,,,,,,,,,,,,,,,,,,,,,,,,,,,,,,,,EMOBON_RFormosa_Wa_280
,,,,,,,,,,,,,,,,,,,,,,,,,,,,,,,,,,,,,,,,EMOBON_RFormosa_Wa_281
,,,,,,,,,,,,,,,,,,,,,,,,,,,,,,,,,,,,,,,,EMOBON_RFormosa_Wa_282
,,,,,,,,,,,,,,,,,,,,,,,,,,,,,,,,,,,,,,,,EMOBON_RFormosa_Wa_283
,,,,,,,,,,,,,,,,,,,,,,,,,,,,,,,,,,,,,,,,EMOBON_RFormosa_Wa_284
,,,,,,,,,,,,,,,,,,,,,,,,,,,,,,,,,,,,,,,,EMOBON_RFormosa_Wa_285
,,,,,,,,,,,,,,,,,,,,,,,,,,,,,,,,,,,,,,,,EMOBON_RFormosa_Wa_286
,,,,,,,,,,,,,,,,,,,,,,,,,,,,,,,,,,,,,,,,EMOBON_RFormosa_Wa_287
,,,,,,,,,,,,,,,,,,,,,,,,,,,,,,,,,,,,,,,,EMOBON_RFormosa_Wa_288
,,,,,,,,,,,,,,,,,,,,,,,,,,,,,,,,,,,,,,,,EMOBON_RFormosa_Wa_289
,,,,,,,,,,,,,,,,,,,,,,,,,,,,,,,,,,,,,,,,EMOBON_RFormosa_Wa_290
,,,,,,,,,,,,,,,,,,,,,,,,,,,,,,,,,,,,,,,,EMOBON_RFormosa_Wa_291
,,,,,,,,,,,,,,,,,,,,,,,,,,,,,,,,,,,,,,,,EMOBON_RFormosa_Wa_292
,,,,,,,,,,,,,,,,,,,,,,,,,,,,,,,,,,,,,,,,EMOBON_RFormosa_Wa_293
,,,,,,,,,,,,,,,,,,,,,,,,,,,,,,,,,,,,,,,,EMOBON_RFormosa_Wa_294
,,,,,,,,,,,,,,,,,,,,,,,,,,,,,,,,,,,,,,,,EMOBON_RFormosa_Wa_295
,,,,,,,,,,,,,,,,,,,,,,,,,,,,,,,,,,,,,,,,EMOBON_RFormosa_Wa_296
,,,,,,,,,,,,,,,,,,,,,,,,,,,,,,,,,,,,,,,,EMOBON_RFormosa_Wa_297
,,,,,,,,,,,,,,,,,,,,,,,,,,,,,,,,,,,,,,,,EMOBON_RFormosa_Wa_298
,,,,,,,,,,,,,,,,,,,,,,,,,,,,,,,,,,,,,,,,EMOBON_RFormosa_Wa_299
,,,,,,,,,,,,,,,,,,,,,,,,,,,,,,,,,,,,,,,,EMOBON_RFormosa_Wa_300
,,,,,,,,,,,,,,,,,,,,,,,,,,,,,,,,,,,,,,,,EMOBON_RFormosa_Wa_301
,,,,,,,,,,,,,,,,,,,,,,,,,,,,,,,,,,,,,,,,EMOBON_RFormosa_Wa_302
,,,,,,,,,,,,,,,,,,,,,,,,,,,,,,,,,,,,,,,,EMOBON_RFormosa_Wa_303
,,,,,,,,,,,,,,,,,,,,,,,,,,,,,,,,,,,,,,,,EMOBON_RFormosa_Wa_304
,,,,,,,,,,,,,,,,,,,,,,,,,,,,,,,,,,,,,,,,EMOBON_RFormosa_Wa_305
,,,,,,,,,,,,,,,,,,,,,,,,,,,,,,,,,,,,,,,,EMOBON_RFormosa_Wa_306
,,,,,,,,,,,,,,,,,,,,,,,,,,,,,,,,,,,,,,,,EMOBON_RFormosa_Wa_307
,,,,,,,,,,,,,,,,,,,,,,,,,,,,,,,,,,,,,,,,EMOBON_RFormosa_Wa_308
,,,,,,,,,,,,,,,,,,,,,,,,,,,,,,,,,,,,,,,,EMOBON_RFormosa_Wa_309
,,,,,,,,,,,,,,,,,,,,,,,,,,,,,,,,,,,,,,,,EMOBON_RFormosa_Wa_310
,,,,,,,,,,,,,,,,,,,,,,,,,,,,,,,,,,,,,,,,EMOBON_RFormosa_Wa_311
,,,,,,,,,,,,,,,,,,,,,,,,,,,,,,,,,,,,,,,,EMOBON_RFormosa_Wa_312
,,,,,,,,,,,,,,,,,,,,,,,,,,,,,,,,,,,,,,,,EMOBON_RFormosa_Wa_313
,,,,,,,,,,,,,,,,,,,,,,,,,,,,,,,,,,,,,,,,EMOBON_RFormosa_Wa_314
,,,,,,,,,,,,,,,,,,,,,,,,,,,,,,,,,,,,,,,,EMOBON_RFormosa_Wa_315
,,,,,,,,,,,,,,,,,,,,,,,,,,,,,,,,,,,,,,,,EMOBON_RFormosa_Wa_316
,,,,,,,,,,,,,,,,,,,,,,,,,,,,,,,,,,,,,,,,EMOBON_RFormosa_Wa_317
,,,,,,,,,,,,,,,,,,,,,,,,,,,,,,,,,,,,,,,,EMOBON_RFormosa_Wa_318
,,,,,,,,,,,,,,,,,,,,,,,,,,,,,,,,,,,,,,,,EMOBON_RFormosa_Wa_319
,,,,,,,,,,,,,,,,,,,,,,,,,,,,,,,,,,,,,,,,EMOBON_RFormosa_Wa_320
,,,,,,,,,,,,,,,,,,,,,,,,,,,,,,,,,,,,,,,,EMOBON_RFormosa_Wa_321
,,,,,,,,,,,,,,,,,,,,,,,,,,,,,,,,,,,,,,,,EMOBON_RFormosa_Wa_322
,,,,,,,,,,,,,,,,,,,,,,,,,,,,,,,,,,,,,,,,EMOBON_RFormosa_Wa_323
,,,,,,,,,,,,,,,,,,,,,,,,,,,,,,,,,,,,,,,,EMOBON_RFormosa_Wa_324
,,,,,,,,,,,,,,,,,,,,,,,,,,,,,,,,,,,,,,,,EMOBON_RFormosa_Wa_325
,,,,,,,,,,,,,,,,,,,,,,,,,,,,,,,,,,,,,,,,EMOBON_RFormosa_Wa_326
,,,,,,,,,,,,,,,,,,,,,,,,,,,,,,,,,,,,,,,,EMOBON_RFormosa_Wa_327
,,,,,,,,,,,,,,,,,,,,,,,,,,,,,,,,,,,,,,,,EMOBON_RFormosa_Wa_328
,,,,,,,,,,,,,,,,,,,,,,,,,,,,,,,,,,,,,,,,EMOBON_RFormosa_Wa_329
,,,,,,,,,,,,,,,,,,,,,,,,,,,,,,,,,,,,,,,,EMOBON_RFormosa_Wa_330
,,,,,,,,,,,,,,,,,,,,,,,,,,,,,,,,,,,,,,,,EMOBON_RFormosa_Wa_331
,,,,,,,,,,,,,,,,,,,,,,,,,,,,,,,,,,,,,,,,EMOBON_RFormosa_Wa_332
,,,,,,,,,,,,,,,,,,,,,,,,,,,,,,,,,,,,,,,,EMOBON_RFormosa_Wa_333
,,,,,,,,,,,,,,,,,,,,,,,,,,,,,,,,,,,,,,,,EMOBON_RFormosa_Wa_334
,,,,,,,,,,,,,,,,,,,,,,,,,,,,,,,,,,,,,,,,EMOBON_RFormosa_Wa_335
,,,,,,,,,,,,,,,,,,,,,,,,,,,,,,,,,,,,,,,,EMOBON_RFormosa_Wa_336
,,,,,,,,,,,,,,,,,,,,,,,,,,,,,,,,,,,,,,,,EMOBON_RFormosa_Wa_337
,,,,,,,,,,,,,,,,,,,,,,,,,,,,,,,,,,,,,,,,EMOBON_RFormosa_Wa_338
,,,,,,,,,,,,,,,,,,,,,,,,,,,,,,,,,,,,,,,,EMOBON_RFormosa_Wa_339
,,,,,,,,,,,,,,,,,,,,,,,,,,,,,,,,,,,,,,,,EMOBON_RFormosa_Wa_340
,,,,,,,,,,,,,,,,,,,,,,,,,,,,,,,,,,,,,,,,EMOBON_RFormosa_Wa_341
,,,,,,,,,,,,,,,,,,,,,,,,,,,,,,,,,,,,,,,,EMOBON_RFormosa_Wa_342
,,,,,,,,,,,,,,,,,,,,,,,,,,,,,,,,,,,,,,,,EMOBON_RFormosa_Wa_343
,,,,,,,,,,,,,,,,,,,,,,,,,,,,,,,,,,,,,,,,EMOBON_RFormosa_Wa_344
,,,,,,,,,,,,,,,,,,,,,,,,,,,,,,,,,,,,,,,,EMOBON_RFormosa_Wa_345
,,,,,,,,,,,,,,,,,,,,,,,,,,,,,,,,,,,,,,,,EMOBON_RFormosa_Wa_346
,,,,,,,,,,,,,,,,,,,,,,,,,,,,,,,,,,,,,,,,EMOBON_RFormosa_Wa_347
