source_mat_id_orig,source_mat_id,seq_batch,chlorophyll,chlorophyll_method,sea_surf_temp,sea_surf_temp_method,sea_subsurf_temp,sea_subsurf_temp_method,sea_surf_salinity,sea_surf_salinity_method,sea_subsurf_salinity,sea_subsurf_salinity_method,alkalinity,alkalinity_method,ammonium,ammonium_method,bac_prod,bac_prod_method,biomass,biomass_method,chem_administration,conduc,conduc_method,density,density_method,diss_carb_dioxide,diss_carb_dioxide_method,diss_inorg_carb,diss_inorg_carb_method,diss_org_carb,diss_org_carb_method,diss_org_nitro,diss_org_nitro_method,down_par,down_par_method,diss_oxygen,diss_oxygen_method,n_alkanes,n_alkanes_method,nitrate,nitrate_method,nitrite,nitrite_method,organism_count,organism_count_method,ph,ph_method,part_org_carb,part_org_carb_method,part_org_nitro,part_org_nitro_method,petroleum_hydrocarb,petroleum_hydrocarb_method,phaeopigments,phaeopigments_method,phosphate,phosphate_method,pigments,pigments_method,pressure,pressure_method,primary_prod,primary_prod_method,silicate,silicate_method,sulfate,sulfate_method,sulfide,sulfide_method,turbidity,turbidity_method,water_current,water_current_method
EMO BON RFormosa Wa 210805 3um_1,EMOBON_RFormosa_Wa_1,batch_1,21.69,Fluorometer 10-AU,26.3,Thermo scientific  orion star A221,26.3,Thermo scientific  orion star A221,38.03,YSI ProSolo Digital,38.03,YSI ProSolo Digital,,,,,,,,,,,,,,,,,,,,,,,,271.875,YSI ProSolo Digital,,,,,,,,,8.242,Thermo scientific  orion star A221,,,,,,,,,,,,,0.998766,YSI ProSolo Digital,,,,,,,,,,,,
EMO BON RFormosa Wa 210805 3um_2,EMOBON_RFormosa_Wa_2,batch_1,21.69,Fluorometer 10-AU,26.3,Thermo scientific  orion star A221,26.3,Thermo scientific  orion star A221,38.03,YSI ProSolo Digital,38.03,YSI ProSolo Digital,,,,,,,,,,,,,,,,,,,,,,,,271.875,YSI ProSolo Digital,,,,,,,,,8.242,Thermo scientific  orion star A221,,,,,,,,,,,,,0.998766,YSI ProSolo Digital,,,,,,,,,,,,
EMO BON RFormosa Wa 210805 3um_3,EMOBON_RFormosa_Wa_3,,21.69,Fluorometer 10-AU,26.3,Thermo scientific  orion star A221,26.3,Thermo scientific  orion star A221,38.03,YSI ProSolo Digital,38.03,YSI ProSolo Digital,,,,,,,,,,,,,,,,,,,,,,,,271.875,YSI ProSolo Digital,,,,,,,,,8.242,Thermo scientific  orion star A221,,,,,,,,,,,,,0.998766,YSI ProSolo Digital,,,,,,,,,,,,
EMO BON RFormosa Wa 210805 3um_4,EMOBON_RFormosa_Wa_4,,21.69,Fluorometer 10-AU,26.3,Thermo scientific  orion star A221,26.3,Thermo scientific  orion star A221,38.03,YSI ProSolo Digital,38.03,YSI ProSolo Digital,,,,,,,,,,,,,,,,,,,,,,,,271.875,YSI ProSolo Digital,,,,,,,,,8.242,Thermo scientific  orion star A221,,,,,,,,,,,,,0.998766,YSI ProSolo Digital,,,,,,,,,,,,
EMO BON RFormosa Wa 210805 0.22um_1,EMOBON_RFormosa_Wa_5,batch_1,21.69,Fluorometer 10-AU,26.3,Thermo scientific  orion star A221,26.3,Thermo scientific  orion star A221,38.03,YSI ProSolo Digital,38.03,YSI ProSolo Digital,,,,,,,,,,,,,,,,,,,,,,,,271.875,YSI ProSolo Digital,,,,,,,,,8.242,Thermo scientific  orion star A221,,,,,,,,,,,,,0.998766,YSI ProSolo Digital,,,,,,,,,,,,
EMO BON RFormosa Wa 210805 0.22um_2,EMOBON_RFormosa_Wa_6,batch_1,21.69,Fluorometer 10-AU,26.3,Thermo scientific  orion star A221,26.3,Thermo scientific  orion star A221,38.03,YSI ProSolo Digital,38.03,YSI ProSolo Digital,,,,,,,,,,,,,,,,,,,,,,,,271.875,YSI ProSolo Digital,,,,,,,,,8.242,Thermo scientific  orion star A221,,,,,,,,,,,,,0.998766,YSI ProSolo Digital,,,,,,,,,,,,
EMO BON RFormosa Wa 210805 0.22um_3,EMOBON_RFormosa_Wa_7,,21.69,Fluorometer 10-AU,26.3,Thermo scientific  orion star A221,26.3,Thermo scientific  orion star A221,38.03,YSI ProSolo Digital,38.03,YSI ProSolo Digital,,,,,,,,,,,,,,,,,,,,,,,,271.875,YSI ProSolo Digital,,,,,,,,,8.242,Thermo scientific  orion star A221,,,,,,,,,,,,,0.998766,YSI ProSolo Digital,,,,,,,,,,,,
EMO BON RFormosa Wa 210805 0.22um_4,EMOBON_RFormosa_Wa_8,,21.69,Fluorometer 10-AU,26.3,Thermo scientific  orion star A221,26.3,Thermo scientific  orion star A221,38.03,YSI ProSolo Digital,38.03,YSI ProSolo Digital,,,,,,,,,,,,,,,,,,,,,,,,271.875,YSI ProSolo Digital,,,,,,,,,8.242,Thermo scientific  orion star A221,,,,,,,,,,,,,0.998766,YSI ProSolo Digital,,,,,,,,,,,,
EMO BON RFormosa Wa 210805 3um_Blank,EMOBON_RFormosa_Wa_9,,21.69,Fluorometer 10-AU,26.3,Thermo scientific  orion star A221,26.3,Thermo scientific  orion star A221,38.03,YSI ProSolo Digital,38.03,YSI ProSolo Digital,,,,,,,,,,,,,,,,,,,,,,,,271.875,YSI ProSolo Digital,,,,,,,,,8.242,Thermo scientific  orion star A221,,,,,,,,,,,,,0.998766,YSI ProSolo Digital,,,,,,,,,,,,
EMO BON RFormosa Wa 210805 0.22um_Blank,EMOBON_RFormosa_Wa_10,,21.69,Fluorometer 10-AU,26.3,Thermo scientific  orion star A221,26.3,Thermo scientific  orion star A221,38.03,YSI ProSolo Digital,38.03,YSI ProSolo Digital,,,,,,,,,,,,,,,,,,,,,,,,271.875,YSI ProSolo Digital,,,,,,,,,8.242,Thermo scientific  orion star A221,,,,,,,,,,,,,0.998766,YSI ProSolo Digital,,,,,,,,,,,,
EMO BON RFormosa Wa 211022 3um_1,EMOBON_RFormosa_Wa_11,batch_2,8.8688,Fluorometer 10-AU,19.3,Thermo scientific  orion star A221,19.3,Thermo scientific  orion star A221,36.95,YSI ProSolo Digital,36.95,YSI ProSolo Digital,,,,,,,,,,,,,,,,,,,,,,,,218.75,YSI ProSolo Digital,,,,,,,,,8.024,Thermo scientific  orion star A221,,,,,,,,,,,,,1.00528004,YSI ProSolo Digital,,,,,,,,,,,,
EMO BON RFormosa Wa 211022 3um_2,EMOBON_RFormosa_Wa_12,batch_2,8.8688,Fluorometer 10-AU,19.3,Thermo scientific  orion star A221,19.3,Thermo scientific  orion star A221,36.95,YSI ProSolo Digital,36.95,YSI ProSolo Digital,,,,,,,,,,,,,,,,,,,,,,,,218.75,YSI ProSolo Digital,,,,,,,,,8.024,Thermo scientific  orion star A221,,,,,,,,,,,,,1.00528004,YSI ProSolo Digital,,,,,,,,,,,,
EMO BON RFormosa Wa 211022 3um_3,EMOBON_RFormosa_Wa_13,,8.8688,Fluorometer 10-AU,19.3,Thermo scientific  orion star A221,19.3,Thermo scientific  orion star A221,36.95,YSI ProSolo Digital,36.95,YSI ProSolo Digital,,,,,,,,,,,,,,,,,,,,,,,,218.75,YSI ProSolo Digital,,,,,,,,,8.024,Thermo scientific  orion star A221,,,,,,,,,,,,,1.00528004,YSI ProSolo Digital,,,,,,,,,,,,
EMO BON RFormosa Wa 211022 3um_4,EMOBON_RFormosa_Wa_14,,8.8688,Fluorometer 10-AU,19.3,Thermo scientific  orion star A221,19.3,Thermo scientific  orion star A221,36.95,YSI ProSolo Digital,36.95,YSI ProSolo Digital,,,,,,,,,,,,,,,,,,,,,,,,218.75,YSI ProSolo Digital,,,,,,,,,8.024,Thermo scientific  orion star A221,,,,,,,,,,,,,1.00528004,YSI ProSolo Digital,,,,,,,,,,,,
EMO BON RFormosa Wa 211022 0.22um_1,EMOBON_RFormosa_Wa_15,batch_2,8.8688,Fluorometer 10-AU,19.3,Thermo scientific  orion star A221,19.3,Thermo scientific  orion star A221,36.95,YSI ProSolo Digital,36.95,YSI ProSolo Digital,,,,,,,,,,,,,,,,,,,,,,,,218.75,YSI ProSolo Digital,,,,,,,,,8.024,Thermo scientific  orion star A221,,,,,,,,,,,,,1.00528004,YSI ProSolo Digital,,,,,,,,,,,,
EMO BON RFormosa Wa 211022 0.22um_2,EMOBON_RFormosa_Wa_16,batch_2,8.8688,Fluorometer 10-AU,19.3,Thermo scientific  orion star A221,19.3,Thermo scientific  orion star A221,36.95,YSI ProSolo Digital,36.95,YSI ProSolo Digital,,,,,,,,,,,,,,,,,,,,,,,,218.75,YSI ProSolo Digital,,,,,,,,,8.024,Thermo scientific  orion star A221,,,,,,,,,,,,,1.00528004,YSI ProSolo Digital,,,,,,,,,,,,
EMO BON RFormosa Wa 211022 0.22um_3,EMOBON_RFormosa_Wa_17,,8.8688,Fluorometer 10-AU,19.3,Thermo scientific  orion star A221,19.3,Thermo scientific  orion star A221,36.95,YSI ProSolo Digital,36.95,YSI ProSolo Digital,,,,,,,,,,,,,,,,,,,,,,,,218.75,YSI ProSolo Digital,,,,,,,,,8.024,Thermo scientific  orion star A221,,,,,,,,,,,,,1.00528004,YSI ProSolo Digital,,,,,,,,,,,,
EMO BON RFormosa Wa 211022 0.22um_4,EMOBON_RFormosa_Wa_18,,8.8688,Fluorometer 10-AU,19.3,Thermo scientific  orion star A221,19.3,Thermo scientific  orion star A221,36.95,YSI ProSolo Digital,36.95,YSI ProSolo Digital,,,,,,,,,,,,,,,,,,,,,,,,218.75,YSI ProSolo Digital,,,,,,,,,8.024,Thermo scientific  orion star A221,,,,,,,,,,,,,1.00528004,YSI ProSolo Digital,,,,,,,,,,,,
EMO BON RFormosa Wa 211022 3um_Blank,EMOBON_RFormosa_Wa_19,,8.8688,Fluorometer 10-AU,19.3,Thermo scientific  orion star A221,19.3,Thermo scientific  orion star A221,36.95,YSI ProSolo Digital,36.95,YSI ProSolo Digital,,,,,,,,,,,,,,,,,,,,,,,,218.75,YSI ProSolo Digital,,,,,,,,,8.024,Thermo scientific  orion star A221,,,,,,,,,,,,,1.00528004,YSI ProSolo Digital,,,,,,,,,,,,
EMO BON RFormosa Wa 211022 0.22um_Blank,EMOBON_RFormosa_Wa_20,,8.8688,Fluorometer 10-AU,19.3,Thermo scientific  orion star A221,19.3,Thermo scientific  orion star A221,36.95,YSI ProSolo Digital,36.95,YSI ProSolo Digital,,,,,,,,,,,,,,,,,,,,,,,,218.75,YSI ProSolo Digital,,,,,,,,,8.024,Thermo scientific  orion star A221,,,,,,,,,,,,,1.00528004,YSI ProSolo Digital,,,,,,,,,,,,
EMO BON RFormosa Wa 211220 3um_1,EMOBON_RFormosa_Wa_21,batch_2,3.98132,Fluorometer 10-AU,15,Thermo scientific  orion star A221,15,Thermo scientific  orion star A221,36.3,YSI ProSolo Digital,36.3,YSI ProSolo Digital,,,,,,,,,,,,,,,,,,,,,,,,256.25,YSI ProSolo Digital,,,,,,,,,8.258,Thermo scientific  orion star A221,,,,,,,,,,,,,1.005181347,YSI ProSolo Digital,,,,,,,,,,,,
EMO BON RFormosa Wa 211220 3um_2,EMOBON_RFormosa_Wa_22,batch_2,3.98132,Fluorometer 10-AU,15,Thermo scientific  orion star A221,15,Thermo scientific  orion star A221,36.3,YSI ProSolo Digital,36.3,YSI ProSolo Digital,,,,,,,,,,,,,,,,,,,,,,,,256.25,YSI ProSolo Digital,,,,,,,,,8.258,Thermo scientific  orion star A221,,,,,,,,,,,,,1.005181347,YSI ProSolo Digital,,,,,,,,,,,,
EMO BON RFormosa Wa 211220 3um_3,EMOBON_RFormosa_Wa_23,,3.98132,Fluorometer 10-AU,15,Thermo scientific  orion star A221,15,Thermo scientific  orion star A221,36.3,YSI ProSolo Digital,36.3,YSI ProSolo Digital,,,,,,,,,,,,,,,,,,,,,,,,256.25,YSI ProSolo Digital,,,,,,,,,8.258,Thermo scientific  orion star A221,,,,,,,,,,,,,1.005181347,YSI ProSolo Digital,,,,,,,,,,,,
EMO BON RFormosa Wa 211220 3um_4,EMOBON_RFormosa_Wa_24,,3.98132,Fluorometer 10-AU,15,Thermo scientific  orion star A221,15,Thermo scientific  orion star A221,36.3,YSI ProSolo Digital,36.3,YSI ProSolo Digital,,,,,,,,,,,,,,,,,,,,,,,,256.25,YSI ProSolo Digital,,,,,,,,,8.258,Thermo scientific  orion star A221,,,,,,,,,,,,,1.005181347,YSI ProSolo Digital,,,,,,,,,,,,
EMO BON RFormosa Wa 211220 0.22um_1,EMOBON_RFormosa_Wa_25,batch_2,3.98132,Fluorometer 10-AU,15,Thermo scientific  orion star A221,15,Thermo scientific  orion star A221,36.3,YSI ProSolo Digital,36.3,YSI ProSolo Digital,,,,,,,,,,,,,,,,,,,,,,,,256.25,YSI ProSolo Digital,,,,,,,,,8.258,Thermo scientific  orion star A221,,,,,,,,,,,,,1.005181347,YSI ProSolo Digital,,,,,,,,,,,,
EMO BON RFormosa Wa 211220 0.22um_2,EMOBON_RFormosa_Wa_26,batch_2,3.98132,Fluorometer 10-AU,15,Thermo scientific  orion star A221,15,Thermo scientific  orion star A221,36.3,YSI ProSolo Digital,36.3,YSI ProSolo Digital,,,,,,,,,,,,,,,,,,,,,,,,256.25,YSI ProSolo Digital,,,,,,,,,8.258,Thermo scientific  orion star A221,,,,,,,,,,,,,1.005181347,YSI ProSolo Digital,,,,,,,,,,,,
EMO BON RFormosa Wa 211220 0.22um_3,EMOBON_RFormosa_Wa_27,,3.98132,Fluorometer 10-AU,15,Thermo scientific  orion star A221,15,Thermo scientific  orion star A221,36.3,YSI ProSolo Digital,36.3,YSI ProSolo Digital,,,,,,,,,,,,,,,,,,,,,,,,256.25,YSI ProSolo Digital,,,,,,,,,8.258,Thermo scientific  orion star A221,,,,,,,,,,,,,1.005181347,YSI ProSolo Digital,,,,,,,,,,,,
EMO BON RFormosa Wa 211220 0.22um_4,EMOBON_RFormosa_Wa_28,,3.98132,Fluorometer 10-AU,15,Thermo scientific  orion star A221,15,Thermo scientific  orion star A221,36.3,YSI ProSolo Digital,36.3,YSI ProSolo Digital,,,,,,,,,,,,,,,,,,,,,,,,256.25,YSI ProSolo Digital,,,,,,,,,8.258,Thermo scientific  orion star A221,,,,,,,,,,,,,1.005181347,YSI ProSolo Digital,,,,,,,,,,,,
EMO BON RFormosa Wa 211220 3um_Blank,EMOBON_RFormosa_Wa_29,batch_2,3.98132,Fluorometer 10-AU,15,Thermo scientific  orion star A221,15,Thermo scientific  orion star A221,36.3,YSI ProSolo Digital,36.3,YSI ProSolo Digital,,,,,,,,,,,,,,,,,,,,,,,,256.25,YSI ProSolo Digital,,,,,,,,,8.258,Thermo scientific  orion star A221,,,,,,,,,,,,,1.005181347,YSI ProSolo Digital,,,,,,,,,,,,
EMO BON RFormosa Wa 211220 0.22um_Blank,EMOBON_RFormosa_Wa_30,batch_2,3.98132,Fluorometer 10-AU,15,Thermo scientific  orion star A221,15,Thermo scientific  orion star A221,36.3,YSI ProSolo Digital,36.3,YSI ProSolo Digital,,,,,,,,,,,,,,,,,,,,,,,,256.25,YSI ProSolo Digital,,,,,,,,,8.258,Thermo scientific  orion star A221,,,,,,,,,,,,,1.005181347,YSI ProSolo Digital,,,,,,,,,,,,
EMO BON RFormosa Wa 220224 3um_1,EMOBON_RFormosa_Wa_31,,2.53,Fluorometer 10-AU,17.3,Thermo scientific  orion star A221,17.3,Thermo scientific  orion star A221,37.47,YSI ProSolo Digital,37.47,YSI ProSolo Digital,,,,,,,,,,,,,,,,,,,,,,,,278.125,YSI ProSolo Digital,,,,,,,,,7.937,Thermo scientific  orion star A221,,,,,,,,,,,,,1.00399704,YSI ProSolo Digital,,,,,,,,,,,,
EMO BON RFormosa Wa 220224 3um_2,EMOBON_RFormosa_Wa_32,,2.53,Fluorometer 10-AU,17.3,Thermo scientific  orion star A221,17.3,Thermo scientific  orion star A221,37.47,YSI ProSolo Digital,37.47,YSI ProSolo Digital,,,,,,,,,,,,,,,,,,,,,,,,278.125,YSI ProSolo Digital,,,,,,,,,7.937,Thermo scientific  orion star A221,,,,,,,,,,,,,1.00399704,YSI ProSolo Digital,,,,,,,,,,,,
EMO BON RFormosa Wa 220224 3um_3,EMOBON_RFormosa_Wa_33,,2.53,Fluorometer 10-AU,17.3,Thermo scientific  orion star A221,17.3,Thermo scientific  orion star A221,37.47,YSI ProSolo Digital,37.47,YSI ProSolo Digital,,,,,,,,,,,,,,,,,,,,,,,,278.125,YSI ProSolo Digital,,,,,,,,,7.937,Thermo scientific  orion star A221,,,,,,,,,,,,,1.00399704,YSI ProSolo Digital,,,,,,,,,,,,
EMO BON RFormosa Wa 220224 3um_4,EMOBON_RFormosa_Wa_34,,2.53,Fluorometer 10-AU,17.3,Thermo scientific  orion star A221,17.3,Thermo scientific  orion star A221,37.47,YSI ProSolo Digital,37.47,YSI ProSolo Digital,,,,,,,,,,,,,,,,,,,,,,,,278.125,YSI ProSolo Digital,,,,,,,,,7.937,Thermo scientific  orion star A221,,,,,,,,,,,,,1.00399704,YSI ProSolo Digital,,,,,,,,,,,,
EMO BON RFormosa Wa 220224 0.22um_1,EMOBON_RFormosa_Wa_35,,2.53,Fluorometer 10-AU,17.3,Thermo scientific  orion star A221,17.3,Thermo scientific  orion star A221,37.47,YSI ProSolo Digital,37.47,YSI ProSolo Digital,,,,,,,,,,,,,,,,,,,,,,,,278.125,YSI ProSolo Digital,,,,,,,,,7.937,Thermo scientific  orion star A221,,,,,,,,,,,,,1.00399704,YSI ProSolo Digital,,,,,,,,,,,,
EMO BON RFormosa Wa 220224 0.22um_2,EMOBON_RFormosa_Wa_36,,2.53,Fluorometer 10-AU,17.3,Thermo scientific  orion star A221,17.3,Thermo scientific  orion star A221,37.47,YSI ProSolo Digital,37.47,YSI ProSolo Digital,,,,,,,,,,,,,,,,,,,,,,,,278.125,YSI ProSolo Digital,,,,,,,,,7.937,Thermo scientific  orion star A221,,,,,,,,,,,,,1.00399704,YSI ProSolo Digital,,,,,,,,,,,,
EMO BON RFormosa Wa 220224 0.22um_3,EMOBON_RFormosa_Wa_37,,2.53,Fluorometer 10-AU,17.3,Thermo scientific  orion star A221,17.3,Thermo scientific  orion star A221,37.47,YSI ProSolo Digital,37.47,YSI ProSolo Digital,,,,,,,,,,,,,,,,,,,,,,,,278.125,YSI ProSolo Digital,,,,,,,,,7.937,Thermo scientific  orion star A221,,,,,,,,,,,,,1.00399704,YSI ProSolo Digital,,,,,,,,,,,,
EMO BON RFormosa Wa 220224 0.22um_4,EMOBON_RFormosa_Wa_38,,2.53,Fluorometer 10-AU,17.3,Thermo scientific  orion star A221,17.3,Thermo scientific  orion star A221,37.47,YSI ProSolo Digital,37.47,YSI ProSolo Digital,,,,,,,,,,,,,,,,,,,,,,,,278.125,YSI ProSolo Digital,,,,,,,,,7.937,Thermo scientific  orion star A221,,,,,,,,,,,,,1.00399704,YSI ProSolo Digital,,,,,,,,,,,,
EMO BON RFormosa Wa 220224 3um_Blank,EMOBON_RFormosa_Wa_39,,2.53,Fluorometer 10-AU,17.3,Thermo scientific  orion star A221,17.3,Thermo scientific  orion star A221,37.47,YSI ProSolo Digital,37.47,YSI ProSolo Digital,,,,,,,,,,,,,,,,,,,,,,,,278.125,YSI ProSolo Digital,,,,,,,,,7.937,Thermo scientific  orion star A221,,,,,,,,,,,,,1.00399704,YSI ProSolo Digital,,,,,,,,,,,,
EMO BON RFormosa Wa 220224 0.22um_Blank,EMOBON_RFormosa_Wa_40,,2.53,Fluorometer 10-AU,17.3,Thermo scientific  orion star A221,17.3,Thermo scientific  orion star A221,37.47,YSI ProSolo Digital,37.47,YSI ProSolo Digital,,,,,,,,,,,,,,,,,,,,,,,,278.125,YSI ProSolo Digital,,,,,,,,,7.937,Thermo scientific  orion star A221,,,,,,,,,,,,,1.00399704,YSI ProSolo Digital,,,,,,,,,,,,
EMO BON RFormosa Wa 220428 3um_1,EMOBON_RFormosa_Wa_41,,7.17216,Fluorometer 10-AU,17.8,Thermo scientific  orion star A221,17.8,Thermo scientific  orion star A221,36.75,YSI ProSolo Digital,36.75,YSI ProSolo Digital,,,,,,,,,,,,,,,,,,,,,,,,234.375,YSI ProSolo Digital,,,,,,,,,8.178,Thermo scientific  orion star A221,,,,,,,,,,,,,1.005576117,YSI ProSolo Digital,,,,,,,,,,,,
EMO BON RFormosa Wa 2200428 3um_2,EMOBON_RFormosa_Wa_42,,7.17216,Fluorometer 10-AU,17.8,Thermo scientific  orion star A221,17.8,Thermo scientific  orion star A221,36.75,YSI ProSolo Digital,36.75,YSI ProSolo Digital,,,,,,,,,,,,,,,,,,,,,,,,234.375,YSI ProSolo Digital,,,,,,,,,8.178,Thermo scientific  orion star A221,,,,,,,,,,,,,1.005576117,YSI ProSolo Digital,,,,,,,,,,,,
EMO BON RFormosa Wa 2200428 3um_3,EMOBON_RFormosa_Wa_43,,7.17216,Fluorometer 10-AU,17.8,Thermo scientific  orion star A221,17.8,Thermo scientific  orion star A221,36.75,YSI ProSolo Digital,36.75,YSI ProSolo Digital,,,,,,,,,,,,,,,,,,,,,,,,234.375,YSI ProSolo Digital,,,,,,,,,8.178,Thermo scientific  orion star A221,,,,,,,,,,,,,1.005576117,YSI ProSolo Digital,,,,,,,,,,,,
EMO BON RFormosa Wa 220428 3um_4,EMOBON_RFormosa_Wa_44,,7.17216,Fluorometer 10-AU,17.8,Thermo scientific  orion star A221,17.8,Thermo scientific  orion star A221,36.75,YSI ProSolo Digital,36.75,YSI ProSolo Digital,,,,,,,,,,,,,,,,,,,,,,,,234.375,YSI ProSolo Digital,,,,,,,,,8.178,Thermo scientific  orion star A221,,,,,,,,,,,,,1.005576117,YSI ProSolo Digital,,,,,,,,,,,,
EMO BON RFormosa Wa 2200428 0.22um_1,EMOBON_RFormosa_Wa_45,,7.17216,Fluorometer 10-AU,17.8,Thermo scientific  orion star A221,17.8,Thermo scientific  orion star A221,36.75,YSI ProSolo Digital,36.75,YSI ProSolo Digital,,,,,,,,,,,,,,,,,,,,,,,,234.375,YSI ProSolo Digital,,,,,,,,,8.178,Thermo scientific  orion star A221,,,,,,,,,,,,,1.005576117,YSI ProSolo Digital,,,,,,,,,,,,
EMO BON RFormosa Wa 220428 0.22um_2,EMOBON_RFormosa_Wa_46,,7.17216,Fluorometer 10-AU,17.8,Thermo scientific  orion star A221,17.8,Thermo scientific  orion star A221,36.75,YSI ProSolo Digital,36.75,YSI ProSolo Digital,,,,,,,,,,,,,,,,,,,,,,,,234.375,YSI ProSolo Digital,,,,,,,,,8.178,Thermo scientific  orion star A221,,,,,,,,,,,,,1.005576117,YSI ProSolo Digital,,,,,,,,,,,,
EMO BON RFormosa Wa 220428 0.22um_3,EMOBON_RFormosa_Wa_47,,7.17216,Fluorometer 10-AU,17.8,Thermo scientific  orion star A221,17.8,Thermo scientific  orion star A221,36.75,YSI ProSolo Digital,36.75,YSI ProSolo Digital,,,,,,,,,,,,,,,,,,,,,,,,234.375,YSI ProSolo Digital,,,,,,,,,8.178,Thermo scientific  orion star A221,,,,,,,,,,,,,1.005576117,YSI ProSolo Digital,,,,,,,,,,,,
EMO BON RFormosa Wa 2200428 0.22um_4,EMOBON_RFormosa_Wa_48,,7.17216,Fluorometer 10-AU,17.8,Thermo scientific  orion star A221,17.8,Thermo scientific  orion star A221,36.75,YSI ProSolo Digital,36.75,YSI ProSolo Digital,,,,,,,,,,,,,,,,,,,,,,,,234.375,YSI ProSolo Digital,,,,,,,,,8.178,Thermo scientific  orion star A221,,,,,,,,,,,,,1.005576117,YSI ProSolo Digital,,,,,,,,,,,,
EMO BON RFormosa Wa 220428 3um_Blank,EMOBON_RFormosa_Wa_49,,7.17216,Fluorometer 10-AU,17.8,Thermo scientific  orion star A221,17.8,Thermo scientific  orion star A221,36.75,YSI ProSolo Digital,36.75,YSI ProSolo Digital,,,,,,,,,,,,,,,,,,,,,,,,234.375,YSI ProSolo Digital,,,,,,,,,8.178,Thermo scientific  orion star A221,,,,,,,,,,,,,1.005576117,YSI ProSolo Digital,,,,,,,,,,,,
EMO BON RFormosa Wa 200428 0.22um_Blank,EMOBON_RFormosa_Wa_50,,7.17216,Fluorometer 10-AU,17.8,Thermo scientific  orion star A221,17.8,Thermo scientific  orion star A221,36.75,YSI ProSolo Digital,36.75,YSI ProSolo Digital,,,,,,,,,,,,,,,,,,,,,,,,234.375,YSI ProSolo Digital,,,,,,,,,8.178,Thermo scientific  orion star A221,,,,,,,,,,,,,1.005576117,YSI ProSolo Digital,,,,,,,,,,,,
EMO BON RFormosa Wa 220629 3um_1,EMOBON_RFormosa_Wa_51,,8.3868,Fluorometer 10-AU,21.7,Thermo scientific  orion star A221,21.7,Thermo scientific  orion star A221,38.26,YSI ProSolo Digital,38.26,YSI ProSolo Digital,,,,,,,,,,,,,,,,,,,,,,,,221.875,YSI ProSolo Digital,,,,,,,,,6.192,Thermo scientific  orion star A221,,,,,,,,,,,,,1.002121885,YSI ProSolo Digital,,,,,,,,,,,,
EMO BON RFormosa Wa 220629 3um_2,EMOBON_RFormosa_Wa_52,,8.3868,Fluorometer 10-AU,21.7,Thermo scientific  orion star A221,21.7,Thermo scientific  orion star A221,38.26,YSI ProSolo Digital,38.26,YSI ProSolo Digital,,,,,,,,,,,,,,,,,,,,,,,,221.875,YSI ProSolo Digital,,,,,,,,,6.192,Thermo scientific  orion star A221,,,,,,,,,,,,,1.002121885,YSI ProSolo Digital,,,,,,,,,,,,
EMO BON RFormosa Wa 220629 3um_3,EMOBON_RFormosa_Wa_53,,8.3868,Fluorometer 10-AU,21.7,Thermo scientific  orion star A221,21.7,Thermo scientific  orion star A221,38.26,YSI ProSolo Digital,38.26,YSI ProSolo Digital,,,,,,,,,,,,,,,,,,,,,,,,221.875,YSI ProSolo Digital,,,,,,,,,6.192,Thermo scientific  orion star A221,,,,,,,,,,,,,1.002121885,YSI ProSolo Digital,,,,,,,,,,,,
EMO BON RFormosa Wa 220629 3um_4,EMOBON_RFormosa_Wa_54,,8.3868,Fluorometer 10-AU,21.7,Thermo scientific  orion star A221,21.7,Thermo scientific  orion star A221,38.26,YSI ProSolo Digital,38.26,YSI ProSolo Digital,,,,,,,,,,,,,,,,,,,,,,,,221.875,YSI ProSolo Digital,,,,,,,,,6.192,Thermo scientific  orion star A221,,,,,,,,,,,,,1.002121885,YSI ProSolo Digital,,,,,,,,,,,,
EMO BON RFormosa Wa 220629 0.22um_1,EMOBON_RFormosa_Wa_55,,8.3868,Fluorometer 10-AU,21.7,Thermo scientific  orion star A221,21.7,Thermo scientific  orion star A221,38.26,YSI ProSolo Digital,38.26,YSI ProSolo Digital,,,,,,,,,,,,,,,,,,,,,,,,221.875,YSI ProSolo Digital,,,,,,,,,6.192,Thermo scientific  orion star A221,,,,,,,,,,,,,1.002121885,YSI ProSolo Digital,,,,,,,,,,,,
EMO BON RFormosa Wa 220629 0.22um_2,EMOBON_RFormosa_Wa_56,,8.3868,Fluorometer 10-AU,21.7,Thermo scientific  orion star A221,21.7,Thermo scientific  orion star A221,38.26,YSI ProSolo Digital,38.26,YSI ProSolo Digital,,,,,,,,,,,,,,,,,,,,,,,,221.875,YSI ProSolo Digital,,,,,,,,,6.192,Thermo scientific  orion star A221,,,,,,,,,,,,,1.002121885,YSI ProSolo Digital,,,,,,,,,,,,
EMO BON RFormosa Wa 220629 0.22um_3,EMOBON_RFormosa_Wa_57,,8.3868,Fluorometer 10-AU,21.7,Thermo scientific  orion star A221,21.7,Thermo scientific  orion star A221,38.26,YSI ProSolo Digital,38.26,YSI ProSolo Digital,,,,,,,,,,,,,,,,,,,,,,,,221.875,YSI ProSolo Digital,,,,,,,,,6.192,Thermo scientific  orion star A221,,,,,,,,,,,,,1.002121885,YSI ProSolo Digital,,,,,,,,,,,,
EMO BON RFormosa Wa 220629 0.22um_4,EMOBON_RFormosa_Wa_58,,8.3868,Fluorometer 10-AU,21.7,Thermo scientific  orion star A221,21.7,Thermo scientific  orion star A221,38.26,YSI ProSolo Digital,38.26,YSI ProSolo Digital,,,,,,,,,,,,,,,,,,,,,,,,221.875,YSI ProSolo Digital,,,,,,,,,6.192,Thermo scientific  orion star A221,,,,,,,,,,,,,1.002121885,YSI ProSolo Digital,,,,,,,,,,,,
EMO BON RFormosa Wa 220629 3um_Blank,EMOBON_RFormosa_Wa_59,,8.3868,Fluorometer 10-AU,21.7,Thermo scientific  orion star A221,21.7,Thermo scientific  orion star A221,38.26,YSI ProSolo Digital,38.26,YSI ProSolo Digital,,,,,,,,,,,,,,,,,,,,,,,,221.875,YSI ProSolo Digital,,,,,,,,,6.192,Thermo scientific  orion star A221,,,,,,,,,,,,,1.002121885,YSI ProSolo Digital,,,,,,,,,,,,
EMO BON RFormosa Wa 220629 0.22um_Blank,EMOBON_RFormosa_Wa_60,,8.3868,Fluorometer 10-AU,21.7,Thermo scientific  orion star A221,21.7,Thermo scientific  orion star A221,38.26,YSI ProSolo Digital,38.26,YSI ProSolo Digital,,,,,,,,,,,,,,,,,,,,,,,,221.875,YSI ProSolo Digital,,,,,,,,,6.192,Thermo scientific  orion star A221,,,,,,,,,,,,,1.002121885,YSI ProSolo Digital,,,,,,,,,,,,
EMO BON RFormosa Wa 2200909 3um_1,EMOBON_RFormosa_Wa_61,,8.32896,Fluorometer 10-AU,25,Thermo scientific  orion star A221,25,Thermo scientific  orion star A221,37.71,YSI ProSolo Digital,37.71,YSI ProSolo Digital,,,,,,,,,,,,,,,,,,,,,,,,275,YSI ProSolo Digital,,,,,,,,,8.539,Thermo scientific  orion star A221,,,,,,,,,,,,,1.00488527,YSI ProSolo Digital,,,,,,,,,,,,
EMO BON RFormosa Wa 2200909 3um_2,EMOBON_RFormosa_Wa_62,,8.32896,Fluorometer 10-AU,25,Thermo scientific  orion star A221,25,Thermo scientific  orion star A221,37.71,YSI ProSolo Digital,37.71,YSI ProSolo Digital,,,,,,,,,,,,,,,,,,,,,,,,275,YSI ProSolo Digital,,,,,,,,,8.539,Thermo scientific  orion star A221,,,,,,,,,,,,,1.00488527,YSI ProSolo Digital,,,,,,,,,,,,
EMO BON RFormosa Wa 220909 3um_3,EMOBON_RFormosa_Wa_63,,8.32896,Fluorometer 10-AU,25,Thermo scientific  orion star A221,25,Thermo scientific  orion star A221,37.71,YSI ProSolo Digital,37.71,YSI ProSolo Digital,,,,,,,,,,,,,,,,,,,,,,,,275,YSI ProSolo Digital,,,,,,,,,8.539,Thermo scientific  orion star A221,,,,,,,,,,,,,1.00488527,YSI ProSolo Digital,,,,,,,,,,,,
EMO BON RFormosa Wa 220909 3um_4,EMOBON_RFormosa_Wa_64,,8.32896,Fluorometer 10-AU,25,Thermo scientific  orion star A221,25,Thermo scientific  orion star A221,37.71,YSI ProSolo Digital,37.71,YSI ProSolo Digital,,,,,,,,,,,,,,,,,,,,,,,,275,YSI ProSolo Digital,,,,,,,,,8.539,Thermo scientific  orion star A221,,,,,,,,,,,,,1.00488527,YSI ProSolo Digital,,,,,,,,,,,,
EMO BON RFormosa Wa 220909 0.22um_1,EMOBON_RFormosa_Wa_65,,8.32896,Fluorometer 10-AU,25,Thermo scientific  orion star A221,25,Thermo scientific  orion star A221,37.71,YSI ProSolo Digital,37.71,YSI ProSolo Digital,,,,,,,,,,,,,,,,,,,,,,,,275,YSI ProSolo Digital,,,,,,,,,8.539,Thermo scientific  orion star A221,,,,,,,,,,,,,1.00488527,YSI ProSolo Digital,,,,,,,,,,,,
EMO BON RFormosa Wa 220909 0.22um_2,EMOBON_RFormosa_Wa_66,,8.32896,Fluorometer 10-AU,25,Thermo scientific  orion star A221,25,Thermo scientific  orion star A221,37.71,YSI ProSolo Digital,37.71,YSI ProSolo Digital,,,,,,,,,,,,,,,,,,,,,,,,275,YSI ProSolo Digital,,,,,,,,,8.539,Thermo scientific  orion star A221,,,,,,,,,,,,,1.00488527,YSI ProSolo Digital,,,,,,,,,,,,
EMO BON RFormosa Wa 220909 0.22um_3,EMOBON_RFormosa_Wa_67,,8.32896,Fluorometer 10-AU,25,Thermo scientific  orion star A221,25,Thermo scientific  orion star A221,37.71,YSI ProSolo Digital,37.71,YSI ProSolo Digital,,,,,,,,,,,,,,,,,,,,,,,,275,YSI ProSolo Digital,,,,,,,,,8.539,Thermo scientific  orion star A221,,,,,,,,,,,,,1.00488527,YSI ProSolo Digital,,,,,,,,,,,,
EMO BON RFormosa Wa 220909 0.22um_4,EMOBON_RFormosa_Wa_68,,8.32896,Fluorometer 10-AU,25,Thermo scientific  orion star A221,25,Thermo scientific  orion star A221,37.71,YSI ProSolo Digital,37.71,YSI ProSolo Digital,,,,,,,,,,,,,,,,,,,,,,,,275,YSI ProSolo Digital,,,,,,,,,8.539,Thermo scientific  orion star A221,,,,,,,,,,,,,1.00488527,YSI ProSolo Digital,,,,,,,,,,,,
EMO BON RFormosa Wa 220909 3um_Blank,EMOBON_RFormosa_Wa_69,,8.32896,Fluorometer 10-AU,25,Thermo scientific  orion star A221,25,Thermo scientific  orion star A221,37.71,YSI ProSolo Digital,37.71,YSI ProSolo Digital,,,,,,,,,,,,,,,,,,,,,,,,275,YSI ProSolo Digital,,,,,,,,,8.539,Thermo scientific  orion star A221,,,,,,,,,,,,,1.00488527,YSI ProSolo Digital,,,,,,,,,,,,
EMO BON RFormosa Wa 220909 0.22um_Blank,EMOBON_RFormosa_Wa_70,,8.32896,Fluorometer 10-AU,25,Thermo scientific  orion star A221,25,Thermo scientific  orion star A221,37.71,YSI ProSolo Digital,37.71,YSI ProSolo Digital,,,,,,,,,,,,,,,,,,,,,,,,275,YSI ProSolo Digital,,,,,,,,,8.539,Thermo scientific  orion star A221,,,,,,,,,,,,,1.00488527,YSI ProSolo Digital,,,,,,,,,,,,
EMO BON RFormosa Wa 221021 3um_1,EMOBON_RFormosa_Wa_71,batch_4,NA,Fluorometer 10-AU,20.5,Thermo scientific  orion star A221,20.5,Thermo scientific  orion star A221,34.85,YSI ProSolo Digital,34.85,YSI ProSolo Digital,,,,,,,,,,,,,,,,,,,,,,,,156.25,YSI ProSolo Digital,,,,,,,,,7.864,Thermo scientific  orion star A221,,,,,,,,,,,,,1.003108809,YSI ProSolo Digital,,,,,,,,,,,,
EMO BON RFormosa Wa 221021 3um_2,EMOBON_RFormosa_Wa_72,batch_4,NA,Fluorometer 10-AU,20.5,Thermo scientific  orion star A221,20.5,Thermo scientific  orion star A221,34.85,YSI ProSolo Digital,34.85,YSI ProSolo Digital,,,,,,,,,,,,,,,,,,,,,,,,156.25,YSI ProSolo Digital,,,,,,,,,7.864,Thermo scientific  orion star A221,,,,,,,,,,,,,1.003108809,YSI ProSolo Digital,,,,,,,,,,,,
EMO BON RFormosa Wa 221021 3um_3,EMOBON_RFormosa_Wa_73,,NA,Fluorometer 10-AU,20.5,Thermo scientific  orion star A221,20.5,Thermo scientific  orion star A221,34.85,YSI ProSolo Digital,34.85,YSI ProSolo Digital,,,,,,,,,,,,,,,,,,,,,,,,156.25,YSI ProSolo Digital,,,,,,,,,7.864,Thermo scientific  orion star A221,,,,,,,,,,,,,1.003108809,YSI ProSolo Digital,,,,,,,,,,,,
EMO BON RFormosa Wa 221021 3um_4,EMOBON_RFormosa_Wa_74,,NA,Fluorometer 10-AU,20.5,Thermo scientific  orion star A221,20.5,Thermo scientific  orion star A221,34.85,YSI ProSolo Digital,34.85,YSI ProSolo Digital,,,,,,,,,,,,,,,,,,,,,,,,156.25,YSI ProSolo Digital,,,,,,,,,7.864,Thermo scientific  orion star A221,,,,,,,,,,,,,1.003108809,YSI ProSolo Digital,,,,,,,,,,,,
EMO BON RFormosa Wa 221021 0.22um_1,EMOBON_RFormosa_Wa_75,batch_4,NA,Fluorometer 10-AU,20.5,Thermo scientific  orion star A221,20.5,Thermo scientific  orion star A221,34.85,YSI ProSolo Digital,34.85,YSI ProSolo Digital,,,,,,,,,,,,,,,,,,,,,,,,156.25,YSI ProSolo Digital,,,,,,,,,7.864,Thermo scientific  orion star A221,,,,,,,,,,,,,1.003108809,YSI ProSolo Digital,,,,,,,,,,,,
EMO BON RFormosa Wa 221021 0.22um_2,EMOBON_RFormosa_Wa_76,batch_4,NA,Fluorometer 10-AU,20.5,Thermo scientific  orion star A221,20.5,Thermo scientific  orion star A221,34.85,YSI ProSolo Digital,34.85,YSI ProSolo Digital,,,,,,,,,,,,,,,,,,,,,,,,156.25,YSI ProSolo Digital,,,,,,,,,7.864,Thermo scientific  orion star A221,,,,,,,,,,,,,1.003108809,YSI ProSolo Digital,,,,,,,,,,,,
EMO BON RFormosa Wa 221021 0.22um_3,EMOBON_RFormosa_Wa_77,,NA,Fluorometer 10-AU,20.5,Thermo scientific  orion star A221,20.5,Thermo scientific  orion star A221,34.85,YSI ProSolo Digital,34.85,YSI ProSolo Digital,,,,,,,,,,,,,,,,,,,,,,,,156.25,YSI ProSolo Digital,,,,,,,,,7.864,Thermo scientific  orion star A221,,,,,,,,,,,,,1.003108809,YSI ProSolo Digital,,,,,,,,,,,,
EMO BON RFormosa Wa 221021 0.22um_4,EMOBON_RFormosa_Wa_78,,NA,Fluorometer 10-AU,20.5,Thermo scientific  orion star A221,20.5,Thermo scientific  orion star A221,34.85,YSI ProSolo Digital,34.85,YSI ProSolo Digital,,,,,,,,,,,,,,,,,,,,,,,,156.25,YSI ProSolo Digital,,,,,,,,,7.864,Thermo scientific  orion star A221,,,,,,,,,,,,,1.003108809,YSI ProSolo Digital,,,,,,,,,,,,
EMO BON RFormosa Wa 221021 3um_Blank,EMOBON_RFormosa_Wa_79,,NA,Fluorometer 10-AU,20.5,Thermo scientific  orion star A221,20.5,Thermo scientific  orion star A221,34.85,YSI ProSolo Digital,34.85,YSI ProSolo Digital,,,,,,,,,,,,,,,,,,,,,,,,156.25,YSI ProSolo Digital,,,,,,,,,7.864,Thermo scientific  orion star A221,,,,,,,,,,,,,1.003108809,YSI ProSolo Digital,,,,,,,,,,,,
EMO BON RFormosa Wa 221021 0.22um_Blank,EMOBON_RFormosa_Wa_80,,NA,Fluorometer 10-AU,20.5,Thermo scientific  orion star A221,20.5,Thermo scientific  orion star A221,34.85,YSI ProSolo Digital,34.85,YSI ProSolo Digital,,,,,,,,,,,,,,,,,,,,,,,,156.25,YSI ProSolo Digital,,,,,,,,,7.864,Thermo scientific  orion star A221,,,,,,,,,,,,,1.003108809,YSI ProSolo Digital,,,,,,,,,,,,
EMO BON RFormosa Wa 221216 3um_1,EMOBON_RFormosa_Wa_81,batch_4,12.05,Fluorometer 10-AU,18.2,Thermo scientific  orion star A221,18.2,Thermo scientific  orion star A221,34.92,YSI ProSolo Digital,34.92,YSI ProSolo Digital,,,,,,,,,,,,,,,,,,,,,,,,300,YSI ProSolo Digital,,,,,,,,,7.48,Thermo scientific  orion star A221,,,,,,,,,,,,,0.9953121148,YSI ProSolo Digital,,,,,,,,,,,,
EMO BON RFormosa Wa 221216 3um_2,EMOBON_RFormosa_Wa_82,batch_4,12.05,Fluorometer 10-AU,18.2,Thermo scientific  orion star A221,18.2,Thermo scientific  orion star A221,34.92,YSI ProSolo Digital,34.92,YSI ProSolo Digital,,,,,,,,,,,,,,,,,,,,,,,,300,YSI ProSolo Digital,,,,,,,,,7.48,Thermo scientific  orion star A221,,,,,,,,,,,,,0.9953121148,YSI ProSolo Digital,,,,,,,,,,,,
EMO BON RFormosa Wa 221216 3um_3,EMOBON_RFormosa_Wa_83,,12.05,Fluorometer 10-AU,18.2,Thermo scientific  orion star A221,18.2,Thermo scientific  orion star A221,34.92,YSI ProSolo Digital,34.92,YSI ProSolo Digital,,,,,,,,,,,,,,,,,,,,,,,,300,YSI ProSolo Digital,,,,,,,,,7.48,Thermo scientific  orion star A221,,,,,,,,,,,,,0.9953121148,YSI ProSolo Digital,,,,,,,,,,,,
EMO BON RFormosa Wa 221216 3um_4,EMOBON_RFormosa_Wa_84,,12.05,Fluorometer 10-AU,18.2,Thermo scientific  orion star A221,18.2,Thermo scientific  orion star A221,34.92,YSI ProSolo Digital,34.92,YSI ProSolo Digital,,,,,,,,,,,,,,,,,,,,,,,,300,YSI ProSolo Digital,,,,,,,,,7.48,Thermo scientific  orion star A221,,,,,,,,,,,,,0.9953121148,YSI ProSolo Digital,,,,,,,,,,,,
EMO BON RFormosa Wa 221216 0.22um_1,EMOBON_RFormosa_Wa_85,batch_4,12.05,Fluorometer 10-AU,18.2,Thermo scientific  orion star A221,18.2,Thermo scientific  orion star A221,34.92,YSI ProSolo Digital,34.92,YSI ProSolo Digital,,,,,,,,,,,,,,,,,,,,,,,,300,YSI ProSolo Digital,,,,,,,,,7.48,Thermo scientific  orion star A221,,,,,,,,,,,,,0.9953121148,YSI ProSolo Digital,,,,,,,,,,,,
EMO BON RFormosa Wa 221216 0.22um_2,EMOBON_RFormosa_Wa_86,batch_4,12.05,Fluorometer 10-AU,18.2,Thermo scientific  orion star A221,18.2,Thermo scientific  orion star A221,34.92,YSI ProSolo Digital,34.92,YSI ProSolo Digital,,,,,,,,,,,,,,,,,,,,,,,,300,YSI ProSolo Digital,,,,,,,,,7.48,Thermo scientific  orion star A221,,,,,,,,,,,,,0.9953121148,YSI ProSolo Digital,,,,,,,,,,,,
EMO BON RFormosa Wa 221216 0.22um_3,EMOBON_RFormosa_Wa_87,,12.05,Fluorometer 10-AU,18.2,Thermo scientific  orion star A221,18.2,Thermo scientific  orion star A221,34.92,YSI ProSolo Digital,34.92,YSI ProSolo Digital,,,,,,,,,,,,,,,,,,,,,,,,300,YSI ProSolo Digital,,,,,,,,,7.48,Thermo scientific  orion star A221,,,,,,,,,,,,,0.9953121148,YSI ProSolo Digital,,,,,,,,,,,,
EMO BON RFormosa Wa 221216 0.22um_4,EMOBON_RFormosa_Wa_88,,12.05,Fluorometer 10-AU,18.2,Thermo scientific  orion star A221,18.2,Thermo scientific  orion star A221,34.92,YSI ProSolo Digital,34.92,YSI ProSolo Digital,,,,,,,,,,,,,,,,,,,,,,,,300,YSI ProSolo Digital,,,,,,,,,7.48,Thermo scientific  orion star A221,,,,,,,,,,,,,0.9953121148,YSI ProSolo Digital,,,,,,,,,,,,
EMO BON RFormosa Wa 221216 3um_Blank,EMOBON_RFormosa_Wa_89,,12.05,Fluorometer 10-AU,18.2,Thermo scientific  orion star A221,18.2,Thermo scientific  orion star A221,34.92,YSI ProSolo Digital,34.92,YSI ProSolo Digital,,,,,,,,,,,,,,,,,,,,,,,,300,YSI ProSolo Digital,,,,,,,,,7.48,Thermo scientific  orion star A221,,,,,,,,,,,,,0.9953121148,YSI ProSolo Digital,,,,,,,,,,,,
EMO BON RFormosa Wa 221216 0.22um_Blank,EMOBON_RFormosa_Wa_90,,12.05,Fluorometer 10-AU,18.2,Thermo scientific  orion star A221,18.2,Thermo scientific  orion star A221,34.92,YSI ProSolo Digital,34.92,YSI ProSolo Digital,,,,,,,,,,,,,,,,,,,,,,,,300,YSI ProSolo Digital,,,,,,,,,7.48,Thermo scientific  orion star A221,,,,,,,,,,,,,0.9953121148,YSI ProSolo Digital,,,,,,,,,,,,
EMO BON RFormosa Wa 230420 3um_1,EMOBON_RFormosa_Wa_91,batch_4,8.0012,Fluorometer 10-AU,20.6,Thermo scientific  orion star A221,20.6,Thermo scientific  orion star A221,36.61,YSI ProSolo Digital,36.61,YSI ProSolo Digital,,,,,,,,,,,,,,,,,,,,,,,,250,YSI ProSolo Digital,,,,,,,,,8.217,Thermo scientific  orion star A221,,,,,,,,,,,,,0.9981741922,YSI ProSolo Digital,,,,,,,,,,,,
EMO BON RFormosa Wa 230420 3um_2,EMOBON_RFormosa_Wa_92,batch_4,8.0012,Fluorometer 10-AU,20.6,Thermo scientific  orion star A221,20.6,Thermo scientific  orion star A221,36.61,YSI ProSolo Digital,36.61,YSI ProSolo Digital,,,,,,,,,,,,,,,,,,,,,,,,250,YSI ProSolo Digital,,,,,,,,,8.217,Thermo scientific  orion star A221,,,,,,,,,,,,,0.9981741922,YSI ProSolo Digital,,,,,,,,,,,,
EMO BON RFormosa Wa 230420 3um_3,EMOBON_RFormosa_Wa_93,,8.0012,Fluorometer 10-AU,20.6,Thermo scientific  orion star A221,20.6,Thermo scientific  orion star A221,36.61,YSI ProSolo Digital,36.61,YSI ProSolo Digital,,,,,,,,,,,,,,,,,,,,,,,,250,YSI ProSolo Digital,,,,,,,,,8.217,Thermo scientific  orion star A221,,,,,,,,,,,,,0.9981741922,YSI ProSolo Digital,,,,,,,,,,,,
EMO BON RFormosa Wa 230420 3um_4,EMOBON_RFormosa_Wa_94,,8.0012,Fluorometer 10-AU,20.6,Thermo scientific  orion star A221,20.6,Thermo scientific  orion star A221,36.61,YSI ProSolo Digital,36.61,YSI ProSolo Digital,,,,,,,,,,,,,,,,,,,,,,,,250,YSI ProSolo Digital,,,,,,,,,8.217,Thermo scientific  orion star A221,,,,,,,,,,,,,0.9981741922,YSI ProSolo Digital,,,,,,,,,,,,
EMO BON RFormosa Wa 230420 0.22um_1,EMOBON_RFormosa_Wa_95,batch_4,8.0012,Fluorometer 10-AU,20.6,Thermo scientific  orion star A221,20.6,Thermo scientific  orion star A221,36.61,YSI ProSolo Digital,36.61,YSI ProSolo Digital,,,,,,,,,,,,,,,,,,,,,,,,250,YSI ProSolo Digital,,,,,,,,,8.217,Thermo scientific  orion star A221,,,,,,,,,,,,,0.9981741922,YSI ProSolo Digital,,,,,,,,,,,,
EMO BON RFormosa Wa 230420 0.22um_2,EMOBON_RFormosa_Wa_96,batch_4,8.0012,Fluorometer 10-AU,20.6,Thermo scientific  orion star A221,20.6,Thermo scientific  orion star A221,36.61,YSI ProSolo Digital,36.61,YSI ProSolo Digital,,,,,,,,,,,,,,,,,,,,,,,,250,YSI ProSolo Digital,,,,,,,,,8.217,Thermo scientific  orion star A221,,,,,,,,,,,,,0.9981741922,YSI ProSolo Digital,,,,,,,,,,,,
EMO BON RFormosa Wa 230420 0.22um_3,EMOBON_RFormosa_Wa_97,,8.0012,Fluorometer 10-AU,20.6,Thermo scientific  orion star A221,20.6,Thermo scientific  orion star A221,36.61,YSI ProSolo Digital,36.61,YSI ProSolo Digital,,,,,,,,,,,,,,,,,,,,,,,,250,YSI ProSolo Digital,,,,,,,,,8.217,Thermo scientific  orion star A221,,,,,,,,,,,,,0.9981741922,YSI ProSolo Digital,,,,,,,,,,,,
EMO BON RFormosa Wa 230420 0.22um_4,EMOBON_RFormosa_Wa_98,,8.0012,Fluorometer 10-AU,20.6,Thermo scientific  orion star A221,20.6,Thermo scientific  orion star A221,36.61,YSI ProSolo Digital,36.61,YSI ProSolo Digital,,,,,,,,,,,,,,,,,,,,,,,,250,YSI ProSolo Digital,,,,,,,,,8.217,Thermo scientific  orion star A221,,,,,,,,,,,,,0.9981741922,YSI ProSolo Digital,,,,,,,,,,,,
EMO BON RFormosa Wa 230420 3um_Blank,EMOBON_RFormosa_Wa_99,,8.0012,Fluorometer 10-AU,20.6,Thermo scientific  orion star A221,20.6,Thermo scientific  orion star A221,36.61,YSI ProSolo Digital,36.61,YSI ProSolo Digital,,,,,,,,,,,,,,,,,,,,,,,,250,YSI ProSolo Digital,,,,,,,,,8.217,Thermo scientific  orion star A221,,,,,,,,,,,,,0.9981741922,YSI ProSolo Digital,,,,,,,,,,,,
EMO BON RFormosa Wa 230420 0.22um_Blank,EMOBON_RFormosa_Wa_100,,8.0012,Fluorometer 10-AU,20.6,Thermo scientific  orion star A221,20.6,Thermo scientific  orion star A221,36.61,YSI ProSolo Digital,36.61,YSI ProSolo Digital,,,,,,,,,,,,,,,,,,,,,,,,250,YSI ProSolo Digital,,,,,,,,,8.217,Thermo scientific  orion star A221,,,,,,,,,,,,,0.9981741922,YSI ProSolo Digital,,,,,,,,,,,,
EMO BON RFormosa Wa 230703 3um_1,EMOBON_RFormosa_Wa_101,batch_4,14.7492,Fluorometer 10-AU,27.7,Thermo scientific  orion star A221,27.7,Thermo scientific  orion star A221,37.91,YSI ProSolo Digital,37.91,YSI ProSolo Digital,,,,,,,,,,,,,,,,,,,,,,,,262.5,YSI ProSolo Digital,,,,,,,,,8.371,Thermo scientific  orion star A221,,,,,,,,,,,,,1.002121885,YSI ProSolo Digital,,,,,,,,,,,,
EMO BON RFormosa Wa 230703 3um_2,EMOBON_RFormosa_Wa_102,batch_4,14.7492,Fluorometer 10-AU,27.7,Thermo scientific  orion star A221,27.7,Thermo scientific  orion star A221,37.91,YSI ProSolo Digital,37.91,YSI ProSolo Digital,,,,,,,,,,,,,,,,,,,,,,,,262.5,YSI ProSolo Digital,,,,,,,,,8.371,Thermo scientific  orion star A221,,,,,,,,,,,,,1.002121885,YSI ProSolo Digital,,,,,,,,,,,,
EMO BON RFormosa Wa 230703 3um_3,EMOBON_RFormosa_Wa_103,,14.7492,Fluorometer 10-AU,27.7,Thermo scientific  orion star A221,27.7,Thermo scientific  orion star A221,37.91,YSI ProSolo Digital,37.91,YSI ProSolo Digital,,,,,,,,,,,,,,,,,,,,,,,,262.5,YSI ProSolo Digital,,,,,,,,,8.371,Thermo scientific  orion star A221,,,,,,,,,,,,,1.002121885,YSI ProSolo Digital,,,,,,,,,,,,
EMO BON RFormosa Wa 230703 3um_4,EMOBON_RFormosa_Wa_104,,14.7492,Fluorometer 10-AU,27.7,Thermo scientific  orion star A221,27.7,Thermo scientific  orion star A221,37.91,YSI ProSolo Digital,37.91,YSI ProSolo Digital,,,,,,,,,,,,,,,,,,,,,,,,262.5,YSI ProSolo Digital,,,,,,,,,8.371,Thermo scientific  orion star A221,,,,,,,,,,,,,1.002121885,YSI ProSolo Digital,,,,,,,,,,,,
EMO BON RFormosa Wa 230703 0.22um_1,EMOBON_RFormosa_Wa_105,batch_4,14.7492,Fluorometer 10-AU,27.7,Thermo scientific  orion star A221,27.7,Thermo scientific  orion star A221,37.91,YSI ProSolo Digital,37.91,YSI ProSolo Digital,,,,,,,,,,,,,,,,,,,,,,,,262.5,YSI ProSolo Digital,,,,,,,,,8.371,Thermo scientific  orion star A221,,,,,,,,,,,,,1.002121885,YSI ProSolo Digital,,,,,,,,,,,,
EMO BON RFormosa Wa 230703 0.22um_2,EMOBON_RFormosa_Wa_106,batch_4,14.7492,Fluorometer 10-AU,27.7,Thermo scientific  orion star A221,27.7,Thermo scientific  orion star A221,37.91,YSI ProSolo Digital,37.91,YSI ProSolo Digital,,,,,,,,,,,,,,,,,,,,,,,,262.5,YSI ProSolo Digital,,,,,,,,,8.371,Thermo scientific  orion star A221,,,,,,,,,,,,,1.002121885,YSI ProSolo Digital,,,,,,,,,,,,
EMO BON RFormosa Wa 230703 0.22um_3,EMOBON_RFormosa_Wa_107,,14.7492,Fluorometer 10-AU,27.7,Thermo scientific  orion star A221,27.7,Thermo scientific  orion star A221,37.91,YSI ProSolo Digital,37.91,YSI ProSolo Digital,,,,,,,,,,,,,,,,,,,,,,,,262.5,YSI ProSolo Digital,,,,,,,,,8.371,Thermo scientific  orion star A221,,,,,,,,,,,,,1.002121885,YSI ProSolo Digital,,,,,,,,,,,,
EMO BON RFormosa Wa 230703 0.22um_4,EMOBON_RFormosa_Wa_108,,14.7492,Fluorometer 10-AU,27.7,Thermo scientific  orion star A221,27.7,Thermo scientific  orion star A221,37.91,YSI ProSolo Digital,37.91,YSI ProSolo Digital,,,,,,,,,,,,,,,,,,,,,,,,262.5,YSI ProSolo Digital,,,,,,,,,8.371,Thermo scientific  orion star A221,,,,,,,,,,,,,1.002121885,YSI ProSolo Digital,,,,,,,,,,,,
EMO BON RFormosa Wa 230703 3um_Blank,EMOBON_RFormosa_Wa_109,,14.7492,Fluorometer 10-AU,27.7,Thermo scientific  orion star A221,27.7,Thermo scientific  orion star A221,37.91,YSI ProSolo Digital,37.91,YSI ProSolo Digital,,,,,,,,,,,,,,,,,,,,,,,,262.5,YSI ProSolo Digital,,,,,,,,,8.371,Thermo scientific  orion star A221,,,,,,,,,,,,,1.002121885,YSI ProSolo Digital,,,,,,,,,,,,
EMO BON RFormosa Wa 230703 0.22um_Blank,EMOBON_RFormosa_Wa_110,,14.7492,Fluorometer 10-AU,27.7,Thermo scientific  orion star A221,27.7,Thermo scientific  orion star A221,37.91,YSI ProSolo Digital,37.91,YSI ProSolo Digital,,,,,,,,,,,,,,,,,,,,,,,,262.5,YSI ProSolo Digital,,,,,,,,,8.371,Thermo scientific  orion star A221,,,,,,,,,,,,,1.002121885,YSI ProSolo Digital,,,,,,,,,,,,
EMO BON RFormosa Wa 230906 3um_1,EMOBON_RFormosa_Wa_111,batch_4,7.16252,Fluorometer 10-AU,26.5,Thermo scientific  orion star A221,26.5,Thermo scientific  orion star A221,36.61,YSI ProSolo Digital,36.61,YSI ProSolo Digital,,,,,,,,,,,,,,,,,,,,,,,,421.875,YSI ProSolo Digital,,,,,,,,,8.863,Thermo scientific  orion star A221,,,,,,,,,,,,,1.001332347,YSI ProSolo Digital,,,,,,,,,,,,
EMO BON RFormosa Wa 230906 3um_2,EMOBON_RFormosa_Wa_112,batch_4,7.16252,Fluorometer 10-AU,26.5,Thermo scientific  orion star A221,26.5,Thermo scientific  orion star A221,36.61,YSI ProSolo Digital,36.61,YSI ProSolo Digital,,,,,,,,,,,,,,,,,,,,,,,,421.875,YSI ProSolo Digital,,,,,,,,,8.863,Thermo scientific  orion star A221,,,,,,,,,,,,,1.001332347,YSI ProSolo Digital,,,,,,,,,,,,
EMO BON RFormosa Wa 230906 3um_3,EMOBON_RFormosa_Wa_113,,7.16252,Fluorometer 10-AU,26.5,Thermo scientific  orion star A221,26.5,Thermo scientific  orion star A221,36.61,YSI ProSolo Digital,36.61,YSI ProSolo Digital,,,,,,,,,,,,,,,,,,,,,,,,421.875,YSI ProSolo Digital,,,,,,,,,8.863,Thermo scientific  orion star A221,,,,,,,,,,,,,1.001332347,YSI ProSolo Digital,,,,,,,,,,,,
EMO BON RFormosa Wa 230906 3um_4,EMOBON_RFormosa_Wa_114,,7.16252,Fluorometer 10-AU,26.5,Thermo scientific  orion star A221,26.5,Thermo scientific  orion star A221,36.61,YSI ProSolo Digital,36.61,YSI ProSolo Digital,,,,,,,,,,,,,,,,,,,,,,,,421.875,YSI ProSolo Digital,,,,,,,,,8.863,Thermo scientific  orion star A221,,,,,,,,,,,,,1.001332347,YSI ProSolo Digital,,,,,,,,,,,,
EMO BON RFormosa Wa 230906 0.22um_1,EMOBON_RFormosa_Wa_115,batch_4,7.16252,Fluorometer 10-AU,26.5,Thermo scientific  orion star A221,26.5,Thermo scientific  orion star A221,36.61,YSI ProSolo Digital,36.61,YSI ProSolo Digital,,,,,,,,,,,,,,,,,,,,,,,,421.875,YSI ProSolo Digital,,,,,,,,,8.863,Thermo scientific  orion star A221,,,,,,,,,,,,,1.001332347,YSI ProSolo Digital,,,,,,,,,,,,
EMO BON RFormosa Wa 230906 0.22um_2,EMOBON_RFormosa_Wa_116,batch_4,7.16252,Fluorometer 10-AU,26.5,Thermo scientific  orion star A221,26.5,Thermo scientific  orion star A221,36.61,YSI ProSolo Digital,36.61,YSI ProSolo Digital,,,,,,,,,,,,,,,,,,,,,,,,421.875,YSI ProSolo Digital,,,,,,,,,8.863,Thermo scientific  orion star A221,,,,,,,,,,,,,1.001332347,YSI ProSolo Digital,,,,,,,,,,,,
EMO BON RFormosa Wa 230906 0.22um_3,EMOBON_RFormosa_Wa_117,,7.16252,Fluorometer 10-AU,26.5,Thermo scientific  orion star A221,26.5,Thermo scientific  orion star A221,36.61,YSI ProSolo Digital,36.61,YSI ProSolo Digital,,,,,,,,,,,,,,,,,,,,,,,,421.875,YSI ProSolo Digital,,,,,,,,,8.863,Thermo scientific  orion star A221,,,,,,,,,,,,,1.001332347,YSI ProSolo Digital,,,,,,,,,,,,
EMO BON RFormosa Wa 230906 0.22um_4,EMOBON_RFormosa_Wa_118,,7.16252,Fluorometer 10-AU,26.5,Thermo scientific  orion star A221,26.5,Thermo scientific  orion star A221,36.61,YSI ProSolo Digital,36.61,YSI ProSolo Digital,,,,,,,,,,,,,,,,,,,,,,,,421.875,YSI ProSolo Digital,,,,,,,,,8.863,Thermo scientific  orion star A221,,,,,,,,,,,,,1.001332347,YSI ProSolo Digital,,,,,,,,,,,,
EMO BON RFormosa Wa 230906 3um_Blank,EMOBON_RFormosa_Wa_119,,7.16252,Fluorometer 10-AU,26.5,Thermo scientific  orion star A221,26.5,Thermo scientific  orion star A221,36.61,YSI ProSolo Digital,36.61,YSI ProSolo Digital,,,,,,,,,,,,,,,,,,,,,,,,421.875,YSI ProSolo Digital,,,,,,,,,8.863,Thermo scientific  orion star A221,,,,,,,,,,,,,1.001332347,YSI ProSolo Digital,,,,,,,,,,,,
EMO BON RFormosa Wa 230906 0.22um_Blank,EMOBON_RFormosa_Wa_120,,7.16252,Fluorometer 10-AU,26.5,Thermo scientific  orion star A221,26.5,Thermo scientific  orion star A221,36.61,YSI ProSolo Digital,36.61,YSI ProSolo Digital,,,,,,,,,,,,,,,,,,,,,,,,421.875,YSI ProSolo Digital,,,,,,,,,8.863,Thermo scientific  orion star A221,,,,,,,,,,,,,1.001332347,YSI ProSolo Digital,,,,,,,,,,,,
EMO BON RFormosa Wa 231024 3um_1,EMOBON_RFormosa_Wa_121,batch_6,NA,Fluorometer 10-AU,17.6,Thermo scientific  orion star A222,17.6,Thermo scientific  orion star A221,34.25,YSI ProSolo Digital,34.25,YSI ProSolo Digital,,,,,,,,,,,,,,,,,,,,,,,,206.25,YSI ProSolo Digital,,,,,,,,,8.199,Thermo scientific  orion star A221,,,,,,,,,,,,,1.004983963,YSI ProSolo Digital,,,,,,,,,,,,
EMO BON RFormosa Wa 231024 3um_2,EMOBON_RFormosa_Wa_122,batch_6,NA,Fluorometer 10-AU,17.6,Thermo scientific  orion star A223,17.6,Thermo scientific  orion star A221,34.25,YSI ProSolo Digital,34.25,YSI ProSolo Digital,,,,,,,,,,,,,,,,,,,,,,,,206.25,YSI ProSolo Digital,,,,,,,,,8.199,Thermo scientific  orion star A221,,,,,,,,,,,,,1.004983963,YSI ProSolo Digital,,,,,,,,,,,,
EMO BON RFormosa Wa 231024 3um_3,EMOBON_RFormosa_Wa_123,,NA,Fluorometer 10-AU,17.6,Thermo scientific  orion star A224,17.6,Thermo scientific  orion star A221,34.25,YSI ProSolo Digital,34.25,YSI ProSolo Digital,,,,,,,,,,,,,,,,,,,,,,,,206.25,YSI ProSolo Digital,,,,,,,,,8.199,Thermo scientific  orion star A221,,,,,,,,,,,,,1.004983963,YSI ProSolo Digital,,,,,,,,,,,,
EMO BON RFormosa Wa 231024 3um_4,EMOBON_RFormosa_Wa_124,,NA,Fluorometer 10-AU,17.6,Thermo scientific  orion star A225,17.6,Thermo scientific  orion star A221,34.25,YSI ProSolo Digital,34.25,YSI ProSolo Digital,,,,,,,,,,,,,,,,,,,,,,,,206.25,YSI ProSolo Digital,,,,,,,,,8.199,Thermo scientific  orion star A221,,,,,,,,,,,,,1.004983963,YSI ProSolo Digital,,,,,,,,,,,,
EMO BON RFormosa Wa 231024 0.22um_1,EMOBON_RFormosa_Wa_125,batch_6,NA,Fluorometer 10-AU,17.6,Thermo scientific  orion star A226,17.6,Thermo scientific  orion star A221,34.25,YSI ProSolo Digital,34.25,YSI ProSolo Digital,,,,,,,,,,,,,,,,,,,,,,,,206.25,YSI ProSolo Digital,,,,,,,,,8.199,Thermo scientific  orion star A221,,,,,,,,,,,,,1.004983963,YSI ProSolo Digital,,,,,,,,,,,,
EMO BON RFormosa Wa 231024 0.22um_2,EMOBON_RFormosa_Wa_126,batch_6,NA,Fluorometer 10-AU,17.6,Thermo scientific  orion star A227,17.6,Thermo scientific  orion star A221,34.25,YSI ProSolo Digital,34.25,YSI ProSolo Digital,,,,,,,,,,,,,,,,,,,,,,,,206.25,YSI ProSolo Digital,,,,,,,,,8.199,Thermo scientific  orion star A221,,,,,,,,,,,,,1.004983963,YSI ProSolo Digital,,,,,,,,,,,,
EMO BON RFormosa Wa 231024 0.22um_3,EMOBON_RFormosa_Wa_127,,NA,Fluorometer 10-AU,17.6,Thermo scientific  orion star A228,17.6,Thermo scientific  orion star A221,34.25,YSI ProSolo Digital,34.25,YSI ProSolo Digital,,,,,,,,,,,,,,,,,,,,,,,,206.25,YSI ProSolo Digital,,,,,,,,,8.199,Thermo scientific  orion star A221,,,,,,,,,,,,,1.004983963,YSI ProSolo Digital,,,,,,,,,,,,
EMO BON RFormosa Wa 231024 0.22um_4,EMOBON_RFormosa_Wa_128,,NA,Fluorometer 10-AU,17.6,Thermo scientific  orion star A229,17.6,Thermo scientific  orion star A221,34.25,YSI ProSolo Digital,34.25,YSI ProSolo Digital,,,,,,,,,,,,,,,,,,,,,,,,206.25,YSI ProSolo Digital,,,,,,,,,8.199,Thermo scientific  orion star A221,,,,,,,,,,,,,1.004983963,YSI ProSolo Digital,,,,,,,,,,,,
EMO BON RFormosa Wa 231024 3um_Blank,EMOBON_RFormosa_Wa_129,,NA,Fluorometer 10-AU,17.6,Thermo scientific  orion star A230,17.6,Thermo scientific  orion star A221,34.25,YSI ProSolo Digital,34.25,YSI ProSolo Digital,,,,,,,,,,,,,,,,,,,,,,,,206.25,YSI ProSolo Digital,,,,,,,,,8.199,Thermo scientific  orion star A221,,,,,,,,,,,,,1.004983963,YSI ProSolo Digital,,,,,,,,,,,,
EMO BON RFormosa Wa 231024 0.22um_Blank,EMOBON_RFormosa_Wa_130,,NA,Fluorometer 10-AU,17.6,Thermo scientific  orion star A231,17.6,Thermo scientific  orion star A221,34.25,YSI ProSolo Digital,34.25,YSI ProSolo Digital,,,,,,,,,,,,,,,,,,,,,,,,206.25,YSI ProSolo Digital,,,,,,,,,8.199,Thermo scientific  orion star A221,,,,,,,,,,,,,1.004983963,YSI ProSolo Digital,,,,,,,,,,,,
EMO BON RFormosa Wa 240104 3um_1,EMOBON_RFormosa_Wa_131,batch_6,5.7358,Fluorometer 10-AU,17.9,Thermo scientific  orion star A231,17.9,Thermo scientific  orion star A231,36.42,YSI ProSolo Digital,36.42,YSI ProSolo Digital,,,,,,,,,,,,,,,,,,,,,,,,312.5,YSI ProSolo Digital,,,,,,,,,7.761,Thermo scientific  orion star A221,,,,,,,,,,,,,1.000838885,YSI ProSolo Digital,,,,,,,,,,,,
EMO BON RFormosa Wa 240104 3um_2,EMOBON_RFormosa_Wa_132,batch_6,5.7358,Fluorometer 10-AU,17.9,Thermo scientific  orion star A231,17.9,Thermo scientific  orion star A231,36.42,YSI ProSolo Digital,36.42,YSI ProSolo Digital,,,,,,,,,,,,,,,,,,,,,,,,312.5,YSI ProSolo Digital,,,,,,,,,7.761,Thermo scientific  orion star A221,,,,,,,,,,,,,1.000838885,YSI ProSolo Digital,,,,,,,,,,,,
EMO BON RFormosa Wa 240104 3um_3,EMOBON_RFormosa_Wa_133,,5.7358,Fluorometer 10-AU,17.9,Thermo scientific  orion star A231,17.9,Thermo scientific  orion star A231,36.42,YSI ProSolo Digital,36.42,YSI ProSolo Digital,,,,,,,,,,,,,,,,,,,,,,,,312.5,YSI ProSolo Digital,,,,,,,,,7.761,Thermo scientific  orion star A221,,,,,,,,,,,,,1.000838885,YSI ProSolo Digital,,,,,,,,,,,,
EMO BON RFormosa Wa 240104 3um_4,EMOBON_RFormosa_Wa_134,,5.7358,Fluorometer 10-AU,17.9,Thermo scientific  orion star A231,17.9,Thermo scientific  orion star A231,36.42,YSI ProSolo Digital,36.42,YSI ProSolo Digital,,,,,,,,,,,,,,,,,,,,,,,,312.5,YSI ProSolo Digital,,,,,,,,,7.761,Thermo scientific  orion star A221,,,,,,,,,,,,,1.000838885,YSI ProSolo Digital,,,,,,,,,,,,
EMO BON RFormosa Wa 240104 0.22um_1,EMOBON_RFormosa_Wa_135,batch_6,5.7358,Fluorometer 10-AU,17.9,Thermo scientific  orion star A231,17.9,Thermo scientific  orion star A231,36.42,YSI ProSolo Digital,36.42,YSI ProSolo Digital,,,,,,,,,,,,,,,,,,,,,,,,312.5,YSI ProSolo Digital,,,,,,,,,7.761,Thermo scientific  orion star A221,,,,,,,,,,,,,1.000838885,YSI ProSolo Digital,,,,,,,,,,,,
EMO BON RFormosa Wa 240104 0.22um_2,EMOBON_RFormosa_Wa_136,batch_6,5.7358,Fluorometer 10-AU,17.9,Thermo scientific  orion star A231,17.9,Thermo scientific  orion star A231,36.42,YSI ProSolo Digital,36.42,YSI ProSolo Digital,,,,,,,,,,,,,,,,,,,,,,,,312.5,YSI ProSolo Digital,,,,,,,,,7.761,Thermo scientific  orion star A221,,,,,,,,,,,,,1.000838885,YSI ProSolo Digital,,,,,,,,,,,,
EMO BON RFormosa Wa 240104 0.22um_3,EMOBON_RFormosa_Wa_137,,5.7358,Fluorometer 10-AU,17.9,Thermo scientific  orion star A231,17.9,Thermo scientific  orion star A231,36.42,YSI ProSolo Digital,36.42,YSI ProSolo Digital,,,,,,,,,,,,,,,,,,,,,,,,312.5,YSI ProSolo Digital,,,,,,,,,7.761,Thermo scientific  orion star A221,,,,,,,,,,,,,1.000838885,YSI ProSolo Digital,,,,,,,,,,,,
EMO BON RFormosa Wa 240104 0.22um_4,EMOBON_RFormosa_Wa_138,,5.7358,Fluorometer 10-AU,17.9,Thermo scientific  orion star A231,17.9,Thermo scientific  orion star A231,36.42,YSI ProSolo Digital,36.42,YSI ProSolo Digital,,,,,,,,,,,,,,,,,,,,,,,,312.5,YSI ProSolo Digital,,,,,,,,,7.761,Thermo scientific  orion star A221,,,,,,,,,,,,,1.000838885,YSI ProSolo Digital,,,,,,,,,,,,
EMO BON RFormosa Wa 240104 3um_Blank,EMOBON_RFormosa_Wa_139,,5.7358,Fluorometer 10-AU,17.9,Thermo scientific  orion star A231,17.9,Thermo scientific  orion star A231,36.42,YSI ProSolo Digital,36.42,YSI ProSolo Digital,,,,,,,,,,,,,,,,,,,,,,,,312.5,YSI ProSolo Digital,,,,,,,,,7.761,Thermo scientific  orion star A221,,,,,,,,,,,,,1.000838885,YSI ProSolo Digital,,,,,,,,,,,,
EMO BON RFormosa Wa 240104 0.22um_Blank,EMOBON_RFormosa_Wa_140,,5.7358,Fluorometer 10-AU,17.9,Thermo scientific  orion star A231,17.9,Thermo scientific  orion star A231,36.42,YSI ProSolo Digital,36.42,YSI ProSolo Digital,,,,,,,,,,,,,,,,,,,,,,,,312.5,YSI ProSolo Digital,,,,,,,,,7.761,Thermo scientific  orion star A221,,,,,,,,,,,,,1.000838885,YSI ProSolo Digital,,,,,,,,,,,,
EMO BON RFormosa Wa 240304 3um_1,EMOBON_RFormosa_Wa_141,batch_6,7.00828,Fluorometer 10-AU,17.7,Thermo scientific  orion star A231,17.7,Thermo scientific  orion star A231,36.1,YSI ProSolo Digital,36.1,YSI ProSolo Digital,,,,,,,,,,,,,,,,,,,,,,,,340.625,YSI ProSolo Digital,,,,,,,,,8.649,Thermo scientific  orion star A221,,,,,,,,,,,,,1.007155194,YSI ProSolo Digital,,,,,,,,,,,,
EMO BON RFormosa Wa 240304 3um_2,EMOBON_RFormosa_Wa_142,batch_6,7.00828,Fluorometer 10-AU,17.7,Thermo scientific  orion star A231,17.7,Thermo scientific  orion star A231,36.1,YSI ProSolo Digital,36.1,YSI ProSolo Digital,,,,,,,,,,,,,,,,,,,,,,,,340.625,YSI ProSolo Digital,,,,,,,,,8.649,Thermo scientific  orion star A221,,,,,,,,,,,,,1.007155194,YSI ProSolo Digital,,,,,,,,,,,,
EMO BON RFormosa Wa 240304 3um_3,EMOBON_RFormosa_Wa_143,,7.00828,Fluorometer 10-AU,17.7,Thermo scientific  orion star A231,17.7,Thermo scientific  orion star A231,36.1,YSI ProSolo Digital,36.1,YSI ProSolo Digital,,,,,,,,,,,,,,,,,,,,,,,,340.625,YSI ProSolo Digital,,,,,,,,,8.649,Thermo scientific  orion star A221,,,,,,,,,,,,,1.007155194,YSI ProSolo Digital,,,,,,,,,,,,
EMO BON RFormosa Wa 240304 3um_4,EMOBON_RFormosa_Wa_144,,7.00828,Fluorometer 10-AU,17.7,Thermo scientific  orion star A231,17.7,Thermo scientific  orion star A231,36.1,YSI ProSolo Digital,36.1,YSI ProSolo Digital,,,,,,,,,,,,,,,,,,,,,,,,340.625,YSI ProSolo Digital,,,,,,,,,8.649,Thermo scientific  orion star A221,,,,,,,,,,,,,1.007155194,YSI ProSolo Digital,,,,,,,,,,,,
EMO BON RFormosa Wa 240304 0.22um_1,EMOBON_RFormosa_Wa_145,batch_6,7.00828,Fluorometer 10-AU,17.7,Thermo scientific  orion star A231,17.7,Thermo scientific  orion star A231,36.1,YSI ProSolo Digital,36.1,YSI ProSolo Digital,,,,,,,,,,,,,,,,,,,,,,,,340.625,YSI ProSolo Digital,,,,,,,,,8.649,Thermo scientific  orion star A221,,,,,,,,,,,,,1.007155194,YSI ProSolo Digital,,,,,,,,,,,,
EMO BON RFormosa Wa 240304 0.22um_2,EMOBON_RFormosa_Wa_146,batch_6,7.00828,Fluorometer 10-AU,17.7,Thermo scientific  orion star A231,17.7,Thermo scientific  orion star A231,36.1,YSI ProSolo Digital,36.1,YSI ProSolo Digital,,,,,,,,,,,,,,,,,,,,,,,,340.625,YSI ProSolo Digital,,,,,,,,,8.649,Thermo scientific  orion star A221,,,,,,,,,,,,,1.007155194,YSI ProSolo Digital,,,,,,,,,,,,
EMO BON RFormosa Wa 240304 0.22um_3,EMOBON_RFormosa_Wa_147,,7.00828,Fluorometer 10-AU,17.7,Thermo scientific  orion star A231,17.7,Thermo scientific  orion star A231,36.1,YSI ProSolo Digital,36.1,YSI ProSolo Digital,,,,,,,,,,,,,,,,,,,,,,,,340.625,YSI ProSolo Digital,,,,,,,,,8.649,Thermo scientific  orion star A221,,,,,,,,,,,,,1.007155194,YSI ProSolo Digital,,,,,,,,,,,,
EMO BON RFormosa Wa 240304 0.22um_4,EMOBON_RFormosa_Wa_148,,7.00828,Fluorometer 10-AU,17.7,Thermo scientific  orion star A231,17.7,Thermo scientific  orion star A231,36.1,YSI ProSolo Digital,36.1,YSI ProSolo Digital,,,,,,,,,,,,,,,,,,,,,,,,340.625,YSI ProSolo Digital,,,,,,,,,8.649,Thermo scientific  orion star A221,,,,,,,,,,,,,1.007155194,YSI ProSolo Digital,,,,,,,,,,,,
EMO BON RFormosa Wa 240304 3um_Blank,EMOBON_RFormosa_Wa_149,batch_6,7.00828,Fluorometer 10-AU,17.7,Thermo scientific  orion star A231,17.7,Thermo scientific  orion star A231,36.1,YSI ProSolo Digital,36.1,YSI ProSolo Digital,,,,,,,,,,,,,,,,,,,,,,,,340.625,YSI ProSolo Digital,,,,,,,,,8.649,Thermo scientific  orion star A221,,,,,,,,,,,,,1.007155194,YSI ProSolo Digital,,,,,,,,,,,,
EMO BON RFormosa Wa 240304 0.22um_Blank,EMOBON_RFormosa_Wa_150,batch_6,7.00828,Fluorometer 10-AU,17.7,Thermo scientific  orion star A231,17.7,Thermo scientific  orion star A231,36.1,YSI ProSolo Digital,36.1,YSI ProSolo Digital,,,,,,,,,,,,,,,,,,,,,,,,340.625,YSI ProSolo Digital,,,,,,,,,8.649,Thermo scientific  orion star A221,,,,,,,,,,,,,1.007155194,YSI ProSolo Digital,,,,,,,,,,,,
EMO BON RFormosa Wa 240416 3um_1,EMOBON_RFormosa_Wa_151,batch_6,10.122,Fluorometer 10-AU,20.4,Thermo scientific  orion star A231,20.4,Thermo scientific  orion star A231,36.89,YSI ProSolo Digital,36.89,YSI ProSolo Digital,,,,,,,,,,,,,,,,,,,,,,,,219,YSI ProSolo Digital,,,,,,,,,8.259,Thermo scientific  orion star A221,,,,,,,,,,,,,1.002714039,YSI ProSolo Digital,,,,,,,,,,,,
EMO BON RFormosa Wa 240416 3um_2,EMOBON_RFormosa_Wa_152,batch_6,10.122,Fluorometer 10-AU,20.4,Thermo scientific  orion star A231,20.4,Thermo scientific  orion star A231,36.89,YSI ProSolo Digital,36.89,YSI ProSolo Digital,,,,,,,,,,,,,,,,,,,,,,,,219,YSI ProSolo Digital,,,,,,,,,8.259,Thermo scientific  orion star A221,,,,,,,,,,,,,1.002714039,YSI ProSolo Digital,,,,,,,,,,,,
EMO BON RFormosa Wa 240416 3um_3,EMOBON_RFormosa_Wa_153,,10.122,Fluorometer 10-AU,20.4,Thermo scientific  orion star A231,20.4,Thermo scientific  orion star A231,36.89,YSI ProSolo Digital,36.89,YSI ProSolo Digital,,,,,,,,,,,,,,,,,,,,,,,,219,YSI ProSolo Digital,,,,,,,,,8.259,Thermo scientific  orion star A221,,,,,,,,,,,,,1.002714039,YSI ProSolo Digital,,,,,,,,,,,,
EMO BON RFormosa Wa 240416 3um_4,EMOBON_RFormosa_Wa_154,,10.122,Fluorometer 10-AU,20.4,Thermo scientific  orion star A231,20.4,Thermo scientific  orion star A231,36.89,YSI ProSolo Digital,36.89,YSI ProSolo Digital,,,,,,,,,,,,,,,,,,,,,,,,219,YSI ProSolo Digital,,,,,,,,,8.259,Thermo scientific  orion star A221,,,,,,,,,,,,,1.002714039,YSI ProSolo Digital,,,,,,,,,,,,
EMO BON RFormosa Wa 240416 0.22um_1,EMOBON_RFormosa_Wa_155,batch_6,10.122,Fluorometer 10-AU,20.4,Thermo scientific  orion star A231,20.4,Thermo scientific  orion star A231,36.89,YSI ProSolo Digital,36.89,YSI ProSolo Digital,,,,,,,,,,,,,,,,,,,,,,,,219,YSI ProSolo Digital,,,,,,,,,8.259,Thermo scientific  orion star A221,,,,,,,,,,,,,1.002714039,YSI ProSolo Digital,,,,,,,,,,,,
EMO BON RFormosa Wa 240416 0.22um_2,EMOBON_RFormosa_Wa_156,batch_6,10.122,Fluorometer 10-AU,20.4,Thermo scientific  orion star A231,20.4,Thermo scientific  orion star A231,36.89,YSI ProSolo Digital,36.89,YSI ProSolo Digital,,,,,,,,,,,,,,,,,,,,,,,,219,YSI ProSolo Digital,,,,,,,,,8.259,Thermo scientific  orion star A221,,,,,,,,,,,,,1.002714039,YSI ProSolo Digital,,,,,,,,,,,,
EMO BON RFormosa Wa 240416 0.22um_3,EMOBON_RFormosa_Wa_157,,10.122,Fluorometer 10-AU,20.4,Thermo scientific  orion star A231,20.4,Thermo scientific  orion star A231,36.89,YSI ProSolo Digital,36.89,YSI ProSolo Digital,,,,,,,,,,,,,,,,,,,,,,,,219,YSI ProSolo Digital,,,,,,,,,8.259,Thermo scientific  orion star A221,,,,,,,,,,,,,1.002714039,YSI ProSolo Digital,,,,,,,,,,,,
EMO BON RFormosa Wa 240416 0.22um_4,EMOBON_RFormosa_Wa_158,,10.122,Fluorometer 10-AU,20.4,Thermo scientific  orion star A231,20.4,Thermo scientific  orion star A231,36.89,YSI ProSolo Digital,36.89,YSI ProSolo Digital,,,,,,,,,,,,,,,,,,,,,,,,219,YSI ProSolo Digital,,,,,,,,,8.259,Thermo scientific  orion star A221,,,,,,,,,,,,,1.002714039,YSI ProSolo Digital,,,,,,,,,,,,
EMO BON RFormosa Wa 240416 3um_Blank,EMOBON_RFormosa_Wa_159,,10.122,Fluorometer 10-AU,20.4,Thermo scientific  orion star A231,20.4,Thermo scientific  orion star A231,36.89,YSI ProSolo Digital,36.89,YSI ProSolo Digital,,,,,,,,,,,,,,,,,,,,,,,,219,YSI ProSolo Digital,,,,,,,,,8.259,Thermo scientific  orion star A221,,,,,,,,,,,,,1.002714039,YSI ProSolo Digital,,,,,,,,,,,,
EMO BON RFormosa Wa 240416 0.22um_Blank,EMOBON_RFormosa_Wa_160,,10.122,Fluorometer 10-AU,20.4,Thermo scientific  orion star A231,20.4,Thermo scientific  orion star A231,36.89,YSI ProSolo Digital,36.89,YSI ProSolo Digital,,,,,,,,,,,,,,,,,,,,,,,,219,YSI ProSolo Digital,,,,,,,,,8.259,Thermo scientific  orion star A221,,,,,,,,,,,,,1.002714039,YSI ProSolo Digital,,,,,,,,,,,,
EMO BON RFormosa Wa 240705 3um_1,EMOBON_RFormosa_Wa_161,batch_6,7.07576,Fluorometer 10-AU,24.6,Thermo scientific  orion star A231,24.6,Thermo scientific  orion star A231,36.97,YSI ProSolo Digital,36.97,YSI ProSolo Digital,,,,,,,,,,,,,,,,,,,,,,,,216,YSI ProSolo Digital,,,,,,,,,8.245,Thermo scientific  orion star A221,,,,,,,,,,,,,0.9963977304,YSI ProSolo Digital,,,,,,,,,,,,
EMO BON RFormosa Wa 240705 3um_2,EMOBON_RFormosa_Wa_162,batch_6,7.07576,Fluorometer 10-AU,24.6,Thermo scientific  orion star A231,24.6,Thermo scientific  orion star A231,36.97,YSI ProSolo Digital,36.97,YSI ProSolo Digital,,,,,,,,,,,,,,,,,,,,,,,,216,YSI ProSolo Digital,,,,,,,,,8.245,Thermo scientific  orion star A221,,,,,,,,,,,,,0.9963977304,YSI ProSolo Digital,,,,,,,,,,,,
EMO BON RFormosa Wa 240705 3um_3,EMOBON_RFormosa_Wa_163,,7.07576,Fluorometer 10-AU,24.6,Thermo scientific  orion star A231,24.6,Thermo scientific  orion star A231,36.97,YSI ProSolo Digital,36.97,YSI ProSolo Digital,,,,,,,,,,,,,,,,,,,,,,,,216,YSI ProSolo Digital,,,,,,,,,8.245,Thermo scientific  orion star A221,,,,,,,,,,,,,0.9963977304,YSI ProSolo Digital,,,,,,,,,,,,
EMO BON RFormosa Wa 240705 3um_4,EMOBON_RFormosa_Wa_164,,7.07576,Fluorometer 10-AU,24.6,Thermo scientific  orion star A231,24.6,Thermo scientific  orion star A231,36.97,YSI ProSolo Digital,36.97,YSI ProSolo Digital,,,,,,,,,,,,,,,,,,,,,,,,216,YSI ProSolo Digital,,,,,,,,,8.245,Thermo scientific  orion star A221,,,,,,,,,,,,,0.9963977304,YSI ProSolo Digital,,,,,,,,,,,,
EMO BON RFormosa Wa 240705 0.22um_1,EMOBON_RFormosa_Wa_165,batch_6,7.07576,Fluorometer 10-AU,24.6,Thermo scientific  orion star A231,24.6,Thermo scientific  orion star A231,36.97,YSI ProSolo Digital,36.97,YSI ProSolo Digital,,,,,,,,,,,,,,,,,,,,,,,,216,YSI ProSolo Digital,,,,,,,,,8.245,Thermo scientific  orion star A221,,,,,,,,,,,,,0.9963977304,YSI ProSolo Digital,,,,,,,,,,,,
EMO BON RFormosa Wa 240705 0.22um_2,EMOBON_RFormosa_Wa_166,batch_6,7.07576,Fluorometer 10-AU,24.6,Thermo scientific  orion star A231,24.6,Thermo scientific  orion star A231,36.97,YSI ProSolo Digital,36.97,YSI ProSolo Digital,,,,,,,,,,,,,,,,,,,,,,,,216,YSI ProSolo Digital,,,,,,,,,8.245,Thermo scientific  orion star A221,,,,,,,,,,,,,0.9963977304,YSI ProSolo Digital,,,,,,,,,,,,
EMO BON RFormosa Wa 240705 0.22um_3,EMOBON_RFormosa_Wa_167,,7.07576,Fluorometer 10-AU,24.6,Thermo scientific  orion star A231,24.6,Thermo scientific  orion star A231,36.97,YSI ProSolo Digital,36.97,YSI ProSolo Digital,,,,,,,,,,,,,,,,,,,,,,,,216,YSI ProSolo Digital,,,,,,,,,8.245,Thermo scientific  orion star A221,,,,,,,,,,,,,0.9963977304,YSI ProSolo Digital,,,,,,,,,,,,
EMO BON RFormosa Wa 240705 0.22um_4,EMOBON_RFormosa_Wa_168,,7.07576,Fluorometer 10-AU,24.6,Thermo scientific  orion star A231,24.6,Thermo scientific  orion star A231,36.97,YSI ProSolo Digital,36.97,YSI ProSolo Digital,,,,,,,,,,,,,,,,,,,,,,,,216,YSI ProSolo Digital,,,,,,,,,8.245,Thermo scientific  orion star A221,,,,,,,,,,,,,0.9963977304,YSI ProSolo Digital,,,,,,,,,,,,
EMO BON RFormosa Wa 240705 3um_Blank,EMOBON_RFormosa_Wa_169,batch_6,7.07576,Fluorometer 10-AU,24.6,Thermo scientific  orion star A231,24.6,Thermo scientific  orion star A231,36.97,YSI ProSolo Digital,36.97,YSI ProSolo Digital,,,,,,,,,,,,,,,,,,,,,,,,216,YSI ProSolo Digital,,,,,,,,,8.245,Thermo scientific  orion star A221,,,,,,,,,,,,,0.9963977304,YSI ProSolo Digital,,,,,,,,,,,,
EMO BON RFormosa Wa 240705 0.22um_Blank,EMOBON_RFormosa_Wa_170,batch_6,7.07576,Fluorometer 10-AU,24.6,Thermo scientific  orion star A231,24.6,Thermo scientific  orion star A231,36.97,YSI ProSolo Digital,36.97,YSI ProSolo Digital,,,,,,,,,,,,,,,,,,,,,,,,216,YSI ProSolo Digital,,,,,,,,,8.245,Thermo scientific  orion star A221,,,,,,,,,,,,,0.9963977304,YSI ProSolo Digital,,,,,,,,,,,,
EMO BON RFormosa Wa 240905 0.22um_1,EMOBON_RFormosa_Wa_171,batch_6,5.77436,Fluorometer 10-AU,23.1,Thermo scientific  orion star A231,23.1,Thermo scientific  orion star A231,37.31,YSI ProSolo Digital,37.31,YSI ProSolo Digital,,,,,,,,,,,,,,,,,,,,,,,,203,YSI ProSolo Digital,,,,,,,,,8.106,Thermo scientific  orion star A221,,,,,,,,,,,,,0.9962003457,YSI ProSolo Digital,,,,,,,,,,,,
EMO BON RFormosa Wa 240905 0.22um_2,EMOBON_RFormosa_Wa_172,batch_6,5.77436,Fluorometer 10-AU,23.1,Thermo scientific  orion star A231,23.1,Thermo scientific  orion star A231,37.31,YSI ProSolo Digital,37.31,YSI ProSolo Digital,,,,,,,,,,,,,,,,,,,,,,,,203,YSI ProSolo Digital,,,,,,,,,8.106,Thermo scientific  orion star A221,,,,,,,,,,,,,0.9962003457,YSI ProSolo Digital,,,,,,,,,,,,
EMO BON RFormosa Wa 240905 0.22um_3,EMOBON_RFormosa_Wa_173,,5.77436,Fluorometer 10-AU,23.1,Thermo scientific  orion star A231,23.1,Thermo scientific  orion star A231,37.31,YSI ProSolo Digital,37.31,YSI ProSolo Digital,,,,,,,,,,,,,,,,,,,,,,,,203,YSI ProSolo Digital,,,,,,,,,8.106,Thermo scientific  orion star A221,,,,,,,,,,,,,0.9962003457,YSI ProSolo Digital,,,,,,,,,,,,
EMO BON RFormosa Wa 240905 0.22um_4,EMOBON_RFormosa_Wa_174,,5.77436,Fluorometer 10-AU,23.1,Thermo scientific  orion star A231,23.1,Thermo scientific  orion star A231,37.31,YSI ProSolo Digital,37.31,YSI ProSolo Digital,,,,,,,,,,,,,,,,,,,,,,,,203,YSI ProSolo Digital,,,,,,,,,8.106,Thermo scientific  orion star A221,,,,,,,,,,,,,0.9962003457,YSI ProSolo Digital,,,,,,,,,,,,
EMO BON RFormosa Wa 240905 3um_1,EMOBON_RFormosa_Wa_175,batch_6,5.77436,Fluorometer 10-AU,23.1,Thermo scientific  orion star A231,23.1,Thermo scientific  orion star A231,37.31,YSI ProSolo Digital,37.31,YSI ProSolo Digital,,,,,,,,,,,,,,,,,,,,,,,,203,YSI ProSolo Digital,,,,,,,,,8.106,Thermo scientific  orion star A221,,,,,,,,,,,,,0.9962003457,YSI ProSolo Digital,,,,,,,,,,,,
EMO BON RFormosa Wa 240905 3um_2,EMOBON_RFormosa_Wa_176,batch_6,5.77436,Fluorometer 10-AU,23.1,Thermo scientific  orion star A231,23.1,Thermo scientific  orion star A231,37.31,YSI ProSolo Digital,37.31,YSI ProSolo Digital,,,,,,,,,,,,,,,,,,,,,,,,203,YSI ProSolo Digital,,,,,,,,,8.106,Thermo scientific  orion star A221,,,,,,,,,,,,,0.9962003457,YSI ProSolo Digital,,,,,,,,,,,,
EMO BON RFormosa Wa 240905 3um_3,EMOBON_RFormosa_Wa_177,,5.77436,Fluorometer 10-AU,23.1,Thermo scientific  orion star A231,23.1,Thermo scientific  orion star A231,37.31,YSI ProSolo Digital,37.31,YSI ProSolo Digital,,,,,,,,,,,,,,,,,,,,,,,,203,YSI ProSolo Digital,,,,,,,,,8.106,Thermo scientific  orion star A221,,,,,,,,,,,,,0.9962003457,YSI ProSolo Digital,,,,,,,,,,,,
EMO BON RFormosa Wa 240905 3um_4,EMOBON_RFormosa_Wa_178,,5.77436,Fluorometer 10-AU,23.1,Thermo scientific  orion star A231,23.1,Thermo scientific  orion star A231,37.31,YSI ProSolo Digital,37.31,YSI ProSolo Digital,,,,,,,,,,,,,,,,,,,,,,,,203,YSI ProSolo Digital,,,,,,,,,8.106,Thermo scientific  orion star A221,,,,,,,,,,,,,0.9962003457,YSI ProSolo Digital,,,,,,,,,,,,
EMO BON RFormosa Wa 240905 3um_Blank,EMOBON_RFormosa_Wa_179,,5.77436,Fluorometer 10-AU,23.1,Thermo scientific  orion star A231,23.1,Thermo scientific  orion star A231,37.31,YSI ProSolo Digital,37.31,YSI ProSolo Digital,,,,,,,,,,,,,,,,,,,,,,,,203,YSI ProSolo Digital,,,,,,,,,8.106,Thermo scientific  orion star A221,,,,,,,,,,,,,0.9962003457,YSI ProSolo Digital,,,,,,,,,,,,
EMO BON RFormosa Wa 240905 0.22um_Blank,EMOBON_RFormosa_Wa_180,,5.77436,Fluorometer 10-AU,23.1,Thermo scientific  orion star A231,23.1,Thermo scientific  orion star A231,37.31,YSI ProSolo Digital,37.31,YSI ProSolo Digital,,,,,,,,,,,,,,,,,,,,,,,,203,YSI ProSolo Digital,,,,,,,,,8.106,Thermo scientific  orion star A221,,,,,,,,,,,,,0.9962003457,YSI ProSolo Digital,,,,,,,,,,,,
EMO BON RFormosa Wa 241106 0.22um_1,EMOBON_RFormosa_Wa_181,batch_6,3.58608,Fluorometer 10-AU,20.6,Thermo scientific  orion star A231,20.6,Thermo scientific  orion star A231,35.47,YSI ProSolo Digital,35.47,YSI ProSolo Digital,,,,,,,,,,,,,,,,,,,,,,,,225,YSI ProSolo Digital,,,,,,,,,8.3,Thermo scientific  orion star A221,,,,,,,,,,,,,1.007352579,YSI ProSolo Digital,,,,,,,,,,,,
EMO BON RFormosa Wa 241106 0.22um_2,EMOBON_RFormosa_Wa_182,batch_6,3.58608,Fluorometer 10-AU,20.6,Thermo scientific  orion star A231,20.6,Thermo scientific  orion star A231,35.47,YSI ProSolo Digital,35.47,YSI ProSolo Digital,,,,,,,,,,,,,,,,,,,,,,,,225,YSI ProSolo Digital,,,,,,,,,8.3,Thermo scientific  orion star A221,,,,,,,,,,,,,1.007352579,YSI ProSolo Digital,,,,,,,,,,,,
EMO BON RFormosa Wa 241106 0.22um_3,EMOBON_RFormosa_Wa_183,NA,3.58608,Fluorometer 10-AU,20.6,Thermo scientific  orion star A231,20.6,Thermo scientific  orion star A231,35.47,YSI ProSolo Digital,35.47,YSI ProSolo Digital,,,,,,,,,,,,,,,,,,,,,,,,225,YSI ProSolo Digital,,,,,,,,,8.3,Thermo scientific  orion star A221,,,,,,,,,,,,,1.007352579,YSI ProSolo Digital,,,,,,,,,,,,
EMO BON RFormosa Wa 241106 0.22um_4,EMOBON_RFormosa_Wa_184,NA,3.58608,Fluorometer 10-AU,20.6,Thermo scientific  orion star A231,20.6,Thermo scientific  orion star A231,35.47,YSI ProSolo Digital,35.47,YSI ProSolo Digital,,,,,,,,,,,,,,,,,,,,,,,,225,YSI ProSolo Digital,,,,,,,,,8.3,Thermo scientific  orion star A221,,,,,,,,,,,,,1.007352579,YSI ProSolo Digital,,,,,,,,,,,,
EMO BON RFormosa Wa 241106 3um_1,EMOBON_RFormosa_Wa_185,batch_6,3.58608,Fluorometer 10-AU,20.6,Thermo scientific  orion star A231,20.6,Thermo scientific  orion star A231,35.47,YSI ProSolo Digital,35.47,YSI ProSolo Digital,,,,,,,,,,,,,,,,,,,,,,,,225,YSI ProSolo Digital,,,,,,,,,8.3,Thermo scientific  orion star A221,,,,,,,,,,,,,1.007352579,YSI ProSolo Digital,,,,,,,,,,,,
EMO BON RFormosa Wa 241106 3um_2,EMOBON_RFormosa_Wa_186,batch_6,3.58608,Fluorometer 10-AU,20.6,Thermo scientific  orion star A231,20.6,Thermo scientific  orion star A231,35.47,YSI ProSolo Digital,35.47,YSI ProSolo Digital,,,,,,,,,,,,,,,,,,,,,,,,225,YSI ProSolo Digital,,,,,,,,,8.3,Thermo scientific  orion star A221,,,,,,,,,,,,,1.007352579,YSI ProSolo Digital,,,,,,,,,,,,
EMO BON RFormosa Wa 241106 3um_3,EMOBON_RFormosa_Wa_187,NA,3.58608,Fluorometer 10-AU,20.6,Thermo scientific  orion star A231,20.6,Thermo scientific  orion star A231,35.47,YSI ProSolo Digital,35.47,YSI ProSolo Digital,,,,,,,,,,,,,,,,,,,,,,,,225,YSI ProSolo Digital,,,,,,,,,8.3,Thermo scientific  orion star A221,,,,,,,,,,,,,1.007352579,YSI ProSolo Digital,,,,,,,,,,,,
EMO BON RFormosa Wa 241106 3um_4,EMOBON_RFormosa_Wa_188,NA,3.58608,Fluorometer 10-AU,20.6,Thermo scientific  orion star A231,20.6,Thermo scientific  orion star A231,35.47,YSI ProSolo Digital,35.47,YSI ProSolo Digital,,,,,,,,,,,,,,,,,,,,,,,,225,YSI ProSolo Digital,,,,,,,,,8.3,Thermo scientific  orion star A221,,,,,,,,,,,,,1.007352579,YSI ProSolo Digital,,,,,,,,,,,,
EMO BON RFormosa Wa 241106 3um_Blank,EMOBON_RFormosa_Wa_189,NA,3.58608,Fluorometer 10-AU,20.6,Thermo scientific  orion star A231,20.6,Thermo scientific  orion star A231,35.47,YSI ProSolo Digital,35.47,YSI ProSolo Digital,,,,,,,,,,,,,,,,,,,,,,,,225,YSI ProSolo Digital,,,,,,,,,8.3,Thermo scientific  orion star A221,,,,,,,,,,,,,1.007352579,YSI ProSolo Digital,,,,,,,,,,,,
EMO BON RFormosa Wa 241106 0.22um_Blank,EMOBON_RFormosa_Wa_190,NA,3.58608,Fluorometer 10-AU,20.6,Thermo scientific  orion star A231,20.6,Thermo scientific  orion star A231,35.47,YSI ProSolo Digital,35.47,YSI ProSolo Digital,,,,,,,,,,,,,,,,,,,,,,,,225,YSI ProSolo Digital,,,,,,,,,8.3,Thermo scientific  orion star A221,,,,,,,,,,,,,1.007352579,YSI ProSolo Digital,,,,,,,,,,,,
EMO BON RFormosa Wa 250307 0.22um_1,EMOBON_RFormosa_Wa_191,batch_7,26.7028,Fluorometer 10-AU,17.4,Thermo scientific  orion star A231,17.4,Thermo scientific  orion star A231,35.37,YSI ProSolo Digital,35.37,YSI ProSolo Digital,,,,,,,,,,,,,,,,,,,,,,,,259,YSI ProSolo Digital,,,,,,,,,8.16,Thermo scientific  orion star A221,,,,,,,,,,,,,0.992351345,YSI ProSolo Digital,,,,,,,,,,,,
EMO BON RFormosa Wa 250307 0.22um_2,EMOBON_RFormosa_Wa_192,NA,26.7028,Fluorometer 10-AU,17.4,Thermo scientific  orion star A231,17.4,Thermo scientific  orion star A231,35.37,YSI ProSolo Digital,35.37,YSI ProSolo Digital,,,,,,,,,,,,,,,,,,,,,,,,259,YSI ProSolo Digital,,,,,,,,,8.16,Thermo scientific  orion star A221,,,,,,,,,,,,,0.992351345,YSI ProSolo Digital,,,,,,,,,,,,
EMO BON RFormosa Wa 250307 0.22um_3,EMOBON_RFormosa_Wa_193,NA,26.7028,Fluorometer 10-AU,17.4,Thermo scientific  orion star A231,17.4,Thermo scientific  orion star A231,35.37,YSI ProSolo Digital,35.37,YSI ProSolo Digital,,,,,,,,,,,,,,,,,,,,,,,,259,YSI ProSolo Digital,,,,,,,,,8.16,Thermo scientific  orion star A221,,,,,,,,,,,,,0.992351345,YSI ProSolo Digital,,,,,,,,,,,,
EMO BON RFormosa Wa 250307 0.22um_4,EMOBON_RFormosa_Wa_194,NA,26.7028,Fluorometer 10-AU,17.4,Thermo scientific  orion star A231,17.4,Thermo scientific  orion star A231,35.37,YSI ProSolo Digital,35.37,YSI ProSolo Digital,,,,,,,,,,,,,,,,,,,,,,,,259,YSI ProSolo Digital,,,,,,,,,8.16,Thermo scientific  orion star A221,,,,,,,,,,,,,0.992351345,YSI ProSolo Digital,,,,,,,,,,,,
EMO BON RFormosa Wa 250307 3um_1,EMOBON_RFormosa_Wa_195,batch_7,26.7028,Fluorometer 10-AU,17.4,Thermo scientific  orion star A231,17.4,Thermo scientific  orion star A231,35.37,YSI ProSolo Digital,35.37,YSI ProSolo Digital,,,,,,,,,,,,,,,,,,,,,,,,259,YSI ProSolo Digital,,,,,,,,,8.16,Thermo scientific  orion star A221,,,,,,,,,,,,,0.992351345,YSI ProSolo Digital,,,,,,,,,,,,
EMO BON RFormosa Wa 250307 3um_2,EMOBON_RFormosa_Wa_196,NA,26.7028,Fluorometer 10-AU,17.4,Thermo scientific  orion star A231,17.4,Thermo scientific  orion star A231,35.37,YSI ProSolo Digital,35.37,YSI ProSolo Digital,,,,,,,,,,,,,,,,,,,,,,,,259,YSI ProSolo Digital,,,,,,,,,8.16,Thermo scientific  orion star A221,,,,,,,,,,,,,0.992351345,YSI ProSolo Digital,,,,,,,,,,,,
EMO BON RFormosa Wa 250307 3um_3,EMOBON_RFormosa_Wa_197,NA,26.7028,Fluorometer 10-AU,17.4,Thermo scientific  orion star A231,17.4,Thermo scientific  orion star A231,35.37,YSI ProSolo Digital,35.37,YSI ProSolo Digital,,,,,,,,,,,,,,,,,,,,,,,,259,YSI ProSolo Digital,,,,,,,,,8.16,Thermo scientific  orion star A221,,,,,,,,,,,,,0.992351345,YSI ProSolo Digital,,,,,,,,,,,,
EMO BON RFormosa Wa 250307 3um_4,EMOBON_RFormosa_Wa_198,NA,26.7028,Fluorometer 10-AU,17.4,Thermo scientific  orion star A231,17.4,Thermo scientific  orion star A231,35.37,YSI ProSolo Digital,35.37,YSI ProSolo Digital,,,,,,,,,,,,,,,,,,,,,,,,259,YSI ProSolo Digital,,,,,,,,,8.16,Thermo scientific  orion star A221,,,,,,,,,,,,,0.992351345,YSI ProSolo Digital,,,,,,,,,,,,
EMO BON RFormosa Wa 250307 3um_Blank,EMOBON_RFormosa_Wa_199,NA,26.7028,Fluorometer 10-AU,17.4,Thermo scientific  orion star A231,17.4,Thermo scientific  orion star A231,35.37,YSI ProSolo Digital,35.37,YSI ProSolo Digital,,,,,,,,,,,,,,,,,,,,,,,,259,YSI ProSolo Digital,,,,,,,,,8.16,Thermo scientific  orion star A221,,,,,,,,,,,,,0.992351345,YSI ProSolo Digital,,,,,,,,,,,,
EMO BON RFormosa Wa 250307 0.22um_Blank,EMOBON_RFormosa_Wa_200,NA,26.7028,Fluorometer 10-AU,17.4,Thermo scientific  orion star A231,17.4,Thermo scientific  orion star A231,35.37,YSI ProSolo Digital,35.37,YSI ProSolo Digital,,,,,,,,,,,,,,,,,,,,,,,,259,YSI ProSolo Digital,,,,,,,,,8.16,Thermo scientific  orion star A221,,,,,,,,,,,,,0.992351345,YSI ProSolo Digital,,,,,,,,,,,,
EMO BON RFormosa Wa 250430 0.22um_1,EMOBON_RFormosa_Wa_201,batch_7,5.99608,Fluorometer 10-AU,18.9,Thermo scientific  orion star A231,18.9,Thermo scientific  orion star A231,35.66,YSI ProSolo Digital,35.66,YSI ProSolo Digital,,,,,,,,,,,,,,,,,,,,,,,,244,YSI ProSolo Digital,,,,,,,,,8.144,Thermo scientific  orion star A221,,,,,,,,,,,,,0.9972859613,YSI ProSolo Digital,,,,,,,,,,,,
EMO BON RFormosa Wa 250430 0.22um_2,EMOBON_RFormosa_Wa_202,NA,5.99608,Fluorometer 10-AU,18.9,Thermo scientific  orion star A231,18.9,Thermo scientific  orion star A231,35.66,YSI ProSolo Digital,35.66,YSI ProSolo Digital,,,,,,,,,,,,,,,,,,,,,,,,244,YSI ProSolo Digital,,,,,,,,,8.144,Thermo scientific  orion star A221,,,,,,,,,,,,,0.9972859613,YSI ProSolo Digital,,,,,,,,,,,,
EMO BON RFormosa Wa 250430 0.22um_3,EMOBON_RFormosa_Wa_203,NA,5.99608,Fluorometer 10-AU,18.9,Thermo scientific  orion star A231,18.9,Thermo scientific  orion star A231,35.66,YSI ProSolo Digital,35.66,YSI ProSolo Digital,,,,,,,,,,,,,,,,,,,,,,,,244,YSI ProSolo Digital,,,,,,,,,8.144,Thermo scientific  orion star A221,,,,,,,,,,,,,0.9972859613,YSI ProSolo Digital,,,,,,,,,,,,
EMO BON RFormosa Wa 250430 0.22um_4,EMOBON_RFormosa_Wa_204,NA,5.99608,Fluorometer 10-AU,18.9,Thermo scientific  orion star A231,18.9,Thermo scientific  orion star A231,35.66,YSI ProSolo Digital,35.66,YSI ProSolo Digital,,,,,,,,,,,,,,,,,,,,,,,,244,YSI ProSolo Digital,,,,,,,,,8.144,Thermo scientific  orion star A221,,,,,,,,,,,,,0.9972859613,YSI ProSolo Digital,,,,,,,,,,,,
EMO BON RFormosa Wa 250430 3um_1,EMOBON_RFormosa_Wa_205,batch_7,5.99608,Fluorometer 10-AU,18.9,Thermo scientific  orion star A231,18.9,Thermo scientific  orion star A231,35.66,YSI ProSolo Digital,35.66,YSI ProSolo Digital,,,,,,,,,,,,,,,,,,,,,,,,244,YSI ProSolo Digital,,,,,,,,,8.144,Thermo scientific  orion star A221,,,,,,,,,,,,,0.9972859613,YSI ProSolo Digital,,,,,,,,,,,,
EMO BON RFormosa Wa 250430 3um_2,EMOBON_RFormosa_Wa_206,NA,5.99608,Fluorometer 10-AU,18.9,Thermo scientific  orion star A231,18.9,Thermo scientific  orion star A231,35.66,YSI ProSolo Digital,35.66,YSI ProSolo Digital,,,,,,,,,,,,,,,,,,,,,,,,244,YSI ProSolo Digital,,,,,,,,,8.144,Thermo scientific  orion star A221,,,,,,,,,,,,,0.9972859613,YSI ProSolo Digital,,,,,,,,,,,,
EMO BON RFormosa Wa 250430 3um_3,EMOBON_RFormosa_Wa_207,NA,5.99608,Fluorometer 10-AU,18.9,Thermo scientific  orion star A231,18.9,Thermo scientific  orion star A231,35.66,YSI ProSolo Digital,35.66,YSI ProSolo Digital,,,,,,,,,,,,,,,,,,,,,,,,244,YSI ProSolo Digital,,,,,,,,,8.144,Thermo scientific  orion star A221,,,,,,,,,,,,,0.9972859613,YSI ProSolo Digital,,,,,,,,,,,,
EMO BON RFormosa Wa 250430 3um_4,EMOBON_RFormosa_Wa_208,NA,5.99608,Fluorometer 10-AU,18.9,Thermo scientific  orion star A231,18.9,Thermo scientific  orion star A231,35.66,YSI ProSolo Digital,35.66,YSI ProSolo Digital,,,,,,,,,,,,,,,,,,,,,,,,244,YSI ProSolo Digital,,,,,,,,,8.144,Thermo scientific  orion star A221,,,,,,,,,,,,,0.9972859613,YSI ProSolo Digital,,,,,,,,,,,,
EMO BON RFormosa Wa 250430 3um_Blank,EMOBON_RFormosa_Wa_209,NA,5.99608,Fluorometer 10-AU,18.9,Thermo scientific  orion star A231,18.9,Thermo scientific  orion star A231,35.66,YSI ProSolo Digital,35.66,YSI ProSolo Digital,,,,,,,,,,,,,,,,,,,,,,,,244,YSI ProSolo Digital,,,,,,,,,8.144,Thermo scientific  orion star A221,,,,,,,,,,,,,0.9972859613,YSI ProSolo Digital,,,,,,,,,,,,
EMO BON RFormosa Wa 250430 0.22um_Blank,EMOBON_RFormosa_Wa_210,NA,5.99608,Fluorometer 10-AU,18.9,Thermo scientific  orion star A231,18.9,Thermo scientific  orion star A231,35.66,YSI ProSolo Digital,35.66,YSI ProSolo Digital,,,,,,,,,,,,,,,,,,,,,,,,244,YSI ProSolo Digital,,,,,,,,,8.144,Thermo scientific  orion star A221,,,,,,,,,,,,,0.9972859613,YSI ProSolo Digital,,,,,,,,,,,,
EMO BON RFormosa Wa 250710 0.22um_1,EMOBON_RFormosa_Wa_211,batch_7,NA,Fluorometer 10-AU,25.1,Thermo scientific  orion star A231,25.1,Thermo scientific  orion star A231,37.23,YSI ProSolo Digital,37.23,YSI ProSolo Digital,,,,,,,,,,,,,,,,,,,,,,,,194,YSI ProSolo Digital,,,,,,,,,8.19,Thermo scientific  orion star A221,,,,,,,,,,,,,1.004095732,YSI ProSolo Digital,,,,,,,,,,,,
EMO BON RFormosa Wa 250710 0.22um_2,EMOBON_RFormosa_Wa_212,NA,NA,Fluorometer 10-AU,25.1,Thermo scientific  orion star A231,25.1,Thermo scientific  orion star A231,37.23,YSI ProSolo Digital,37.23,YSI ProSolo Digital,,,,,,,,,,,,,,,,,,,,,,,,194,YSI ProSolo Digital,,,,,,,,,8.19,Thermo scientific  orion star A221,,,,,,,,,,,,,1.004095732,YSI ProSolo Digital,,,,,,,,,,,,
EMO BON RFormosa Wa 250710 0.22um_3,EMOBON_RFormosa_Wa_213,NA,NA,Fluorometer 10-AU,25.1,Thermo scientific  orion star A231,25.1,Thermo scientific  orion star A231,37.23,YSI ProSolo Digital,37.23,YSI ProSolo Digital,,,,,,,,,,,,,,,,,,,,,,,,194,YSI ProSolo Digital,,,,,,,,,8.19,Thermo scientific  orion star A221,,,,,,,,,,,,,1.004095732,YSI ProSolo Digital,,,,,,,,,,,,
EMO BON RFormosa Wa 250710 0.22um_4,EMOBON_RFormosa_Wa_214,NA,NA,Fluorometer 10-AU,25.1,Thermo scientific  orion star A231,25.1,Thermo scientific  orion star A231,37.23,YSI ProSolo Digital,37.23,YSI ProSolo Digital,,,,,,,,,,,,,,,,,,,,,,,,194,YSI ProSolo Digital,,,,,,,,,8.19,Thermo scientific  orion star A221,,,,,,,,,,,,,1.004095732,YSI ProSolo Digital,,,,,,,,,,,,
EMO BON RFormosa Wa 250710 3um_1,EMOBON_RFormosa_Wa_215,batch_7,NA,Fluorometer 10-AU,25.1,Thermo scientific  orion star A231,25.1,Thermo scientific  orion star A231,37.23,YSI ProSolo Digital,37.23,YSI ProSolo Digital,,,,,,,,,,,,,,,,,,,,,,,,194,YSI ProSolo Digital,,,,,,,,,8.19,Thermo scientific  orion star A221,,,,,,,,,,,,,1.004095732,YSI ProSolo Digital,,,,,,,,,,,,
EMO BON RFormosa Wa 250710 3um_2,EMOBON_RFormosa_Wa_216,NA,NA,Fluorometer 10-AU,25.1,Thermo scientific  orion star A231,25.1,Thermo scientific  orion star A231,37.23,YSI ProSolo Digital,37.23,YSI ProSolo Digital,,,,,,,,,,,,,,,,,,,,,,,,194,YSI ProSolo Digital,,,,,,,,,8.19,Thermo scientific  orion star A221,,,,,,,,,,,,,1.004095732,YSI ProSolo Digital,,,,,,,,,,,,
EMO BON RFormosa Wa 250710 3um_3,EMOBON_RFormosa_Wa_217,NA,NA,Fluorometer 10-AU,25.1,Thermo scientific  orion star A231,25.1,Thermo scientific  orion star A231,37.23,YSI ProSolo Digital,37.23,YSI ProSolo Digital,,,,,,,,,,,,,,,,,,,,,,,,194,YSI ProSolo Digital,,,,,,,,,8.19,Thermo scientific  orion star A221,,,,,,,,,,,,,1.004095732,YSI ProSolo Digital,,,,,,,,,,,,
EMO BON RFormosa Wa 250710 3um_4,EMOBON_RFormosa_Wa_218,NA,NA,Fluorometer 10-AU,25.1,Thermo scientific  orion star A231,25.1,Thermo scientific  orion star A231,37.23,YSI ProSolo Digital,37.23,YSI ProSolo Digital,,,,,,,,,,,,,,,,,,,,,,,,194,YSI ProSolo Digital,,,,,,,,,8.19,Thermo scientific  orion star A221,,,,,,,,,,,,,1.004095732,YSI ProSolo Digital,,,,,,,,,,,,
EMO BON RFormosa Wa 250710 3um_Blank,EMOBON_RFormosa_Wa_219,NA,NA,Fluorometer 10-AU,25.1,Thermo scientific  orion star A231,25.1,Thermo scientific  orion star A231,37.23,YSI ProSolo Digital,37.23,YSI ProSolo Digital,,,,,,,,,,,,,,,,,,,,,,,,194,YSI ProSolo Digital,,,,,,,,,8.19,Thermo scientific  orion star A221,,,,,,,,,,,,,1.004095732,YSI ProSolo Digital,,,,,,,,,,,,
EMO BON RFormosa Wa 250710 0.22um_Blank,EMOBON_RFormosa_Wa_220,NA,NA,Fluorometer 10-AU,25.1,Thermo scientific  orion star A231,25.1,Thermo scientific  orion star A231,37.23,YSI ProSolo Digital,37.23,YSI ProSolo Digital,,,,,,,,,,,,,,,,,,,,,,,,194,YSI ProSolo Digital,,,,,,,,,8.19,Thermo scientific  orion star A221,,,,,,,,,,,,,1.004095732,YSI ProSolo Digital,,,,,,,,,,,,
EMO BON RFormosa Wa 250912 0.22um_1,EMOBON_RFormosa_Wa_221,batch_7,14.1708,Fluorometer 10-AU,22.5,Thermo scientific  orion star A231,22.5,Thermo scientific  orion star A231,36.63,YSI ProSolo Digital,36.63,YSI ProSolo Digital,,,,,,,,,,,,,,,,,,,,,,,,194,YSI ProSolo Digital,,,,,,,,,8.024,Thermo scientific  orion star A221,,,,,,,,,,,,,1.004095732,YSI ProSolo Digital,,,,,,,,,,,,
EMO BON RFormosa Wa 250912 0.22um_2,EMOBON_RFormosa_Wa_222,NA,14.1708,Fluorometer 10-AU,22.5,Thermo scientific  orion star A231,22.5,Thermo scientific  orion star A231,36.63,YSI ProSolo Digital,36.63,YSI ProSolo Digital,,,,,,,,,,,,,,,,,,,,,,,,194,YSI ProSolo Digital,,,,,,,,,8.024,Thermo scientific  orion star A221,,,,,,,,,,,,,1.004095732,YSI ProSolo Digital,,,,,,,,,,,,
EMO BON RFormosa Wa 250912 0.22um_3,EMOBON_RFormosa_Wa_223,NA,14.1708,Fluorometer 10-AU,22.5,Thermo scientific  orion star A231,22.5,Thermo scientific  orion star A231,36.63,YSI ProSolo Digital,36.63,YSI ProSolo Digital,,,,,,,,,,,,,,,,,,,,,,,,194,YSI ProSolo Digital,,,,,,,,,8.024,Thermo scientific  orion star A221,,,,,,,,,,,,,1.004095732,YSI ProSolo Digital,,,,,,,,,,,,
EMO BON RFormosa Wa 250912 0.22um_4,EMOBON_RFormosa_Wa_224,NA,14.1708,Fluorometer 10-AU,22.5,Thermo scientific  orion star A231,22.5,Thermo scientific  orion star A231,36.63,YSI ProSolo Digital,36.63,YSI ProSolo Digital,,,,,,,,,,,,,,,,,,,,,,,,194,YSI ProSolo Digital,,,,,,,,,8.024,Thermo scientific  orion star A221,,,,,,,,,,,,,1.004095732,YSI ProSolo Digital,,,,,,,,,,,,
EMO BON RFormosa Wa 250912 3um_1,EMOBON_RFormosa_Wa_225,batch_7,14.1708,Fluorometer 10-AU,22.5,Thermo scientific  orion star A231,22.5,Thermo scientific  orion star A231,36.63,YSI ProSolo Digital,36.63,YSI ProSolo Digital,,,,,,,,,,,,,,,,,,,,,,,,194,YSI ProSolo Digital,,,,,,,,,8.024,Thermo scientific  orion star A221,,,,,,,,,,,,,1.004095732,YSI ProSolo Digital,,,,,,,,,,,,
EMO BON RFormosa Wa 250912 3um_2,EMOBON_RFormosa_Wa_226,NA,14.1708,Fluorometer 10-AU,22.5,Thermo scientific  orion star A231,22.5,Thermo scientific  orion star A231,36.63,YSI ProSolo Digital,36.63,YSI ProSolo Digital,,,,,,,,,,,,,,,,,,,,,,,,194,YSI ProSolo Digital,,,,,,,,,8.024,Thermo scientific  orion star A221,,,,,,,,,,,,,1.004095732,YSI ProSolo Digital,,,,,,,,,,,,
EMO BON RFormosa Wa 250912 3um_3,EMOBON_RFormosa_Wa_227,NA,14.1708,Fluorometer 10-AU,22.5,Thermo scientific  orion star A231,22.5,Thermo scientific  orion star A231,36.63,YSI ProSolo Digital,36.63,YSI ProSolo Digital,,,,,,,,,,,,,,,,,,,,,,,,194,YSI ProSolo Digital,,,,,,,,,8.024,Thermo scientific  orion star A221,,,,,,,,,,,,,1.004095732,YSI ProSolo Digital,,,,,,,,,,,,
EMO BON RFormosa Wa 250912 3um_4,EMOBON_RFormosa_Wa_228,NA,14.1708,Fluorometer 10-AU,22.5,Thermo scientific  orion star A231,22.5,Thermo scientific  orion star A231,36.63,YSI ProSolo Digital,36.63,YSI ProSolo Digital,,,,,,,,,,,,,,,,,,,,,,,,194,YSI ProSolo Digital,,,,,,,,,8.024,Thermo scientific  orion star A221,,,,,,,,,,,,,1.004095732,YSI ProSolo Digital,,,,,,,,,,,,
EMO BON RFormosa Wa 250912 3um_Blank,EMOBON_RFormosa_Wa_229,NA,14.1708,Fluorometer 10-AU,22.5,Thermo scientific  orion star A231,22.5,Thermo scientific  orion star A231,36.63,YSI ProSolo Digital,36.63,YSI ProSolo Digital,,,,,,,,,,,,,,,,,,,,,,,,194,YSI ProSolo Digital,,,,,,,,,8.024,Thermo scientific  orion star A221,,,,,,,,,,,,,1.004095732,YSI ProSolo Digital,,,,,,,,,,,,
EMO BON RFormosa Wa 250912 0.22um_Blank,EMOBON_RFormosa_Wa_230,NA,14.1708,Fluorometer 10-AU,22.5,Thermo scientific  orion star A231,22.5,Thermo scientific  orion star A231,36.63,YSI ProSolo Digital,36.63,YSI ProSolo Digital,,,,,,,,,,,,,,,,,,,,,,,,194,YSI ProSolo Digital,,,,,,,,,8.024,Thermo scientific  orion star A221,,,,,,,,,,,,,1.004095732,YSI ProSolo Digital,,,,,,,,,,,,
EMO BON RFormosa Wa 251125 0.22um_1,EMOBON_RFormosa_Wa_231,batch_8,4.79108,Fluorometer 10-AU,16.4,Thermo scientific  orion star A231,16.4,Thermo scientific  orion star A231,34.93,YSI ProSolo Digital,34.93,YSI ProSolo Digital,,,,,,,,,,,,,,,,,,,,,,,,250,YSI ProSolo Digital,,,,,,,,,8.201,Thermo scientific  orion star A221,,,,,,,,,,,,,1.006661732,YSI ProSolo Digital,,,,,,,,,,,,
EMO BON RFormosa Wa 251125 0.22um_2,EMOBON_RFormosa_Wa_232,,4.79108,Fluorometer 10-AU,16.4,Thermo scientific  orion star A231,16.4,Thermo scientific  orion star A231,34.93,YSI ProSolo Digital,34.93,YSI ProSolo Digital,,,,,,,,,,,,,,,,,,,,,,,,250,YSI ProSolo Digital,,,,,,,,,8.201,Thermo scientific  orion star A221,,,,,,,,,,,,,1.006661732,YSI ProSolo Digital,,,,,,,,,,,,
EMO BON RFormosa Wa 251125 0.22um_3,EMOBON_RFormosa_Wa_233,,4.79108,Fluorometer 10-AU,16.4,Thermo scientific  orion star A231,16.4,Thermo scientific  orion star A231,34.93,YSI ProSolo Digital,34.93,YSI ProSolo Digital,,,,,,,,,,,,,,,,,,,,,,,,250,YSI ProSolo Digital,,,,,,,,,8.201,Thermo scientific  orion star A221,,,,,,,,,,,,,1.006661732,YSI ProSolo Digital,,,,,,,,,,,,
EMO BON RFormosa Wa 251125 0.22um_4,EMOBON_RFormosa_Wa_234,,4.79108,Fluorometer 10-AU,16.4,Thermo scientific  orion star A231,16.4,Thermo scientific  orion star A231,34.93,YSI ProSolo Digital,34.93,YSI ProSolo Digital,,,,,,,,,,,,,,,,,,,,,,,,250,YSI ProSolo Digital,,,,,,,,,8.201,Thermo scientific  orion star A221,,,,,,,,,,,,,1.006661732,YSI ProSolo Digital,,,,,,,,,,,,
EMO BON RFormosa Wa 251125 3um_1,EMOBON_RFormosa_Wa_235,batch_8,4.79108,Fluorometer 10-AU,16.4,Thermo scientific  orion star A231,16.4,Thermo scientific  orion star A231,34.93,YSI ProSolo Digital,34.93,YSI ProSolo Digital,,,,,,,,,,,,,,,,,,,,,,,,250,YSI ProSolo Digital,,,,,,,,,8.201,Thermo scientific  orion star A221,,,,,,,,,,,,,1.006661732,YSI ProSolo Digital,,,,,,,,,,,,
EMO BON RFormosa Wa 251125 3um_2,EMOBON_RFormosa_Wa_236,,4.79108,Fluorometer 10-AU,16.4,Thermo scientific  orion star A231,16.4,Thermo scientific  orion star A231,34.93,YSI ProSolo Digital,34.93,YSI ProSolo Digital,,,,,,,,,,,,,,,,,,,,,,,,250,YSI ProSolo Digital,,,,,,,,,8.201,Thermo scientific  orion star A221,,,,,,,,,,,,,1.006661732,YSI ProSolo Digital,,,,,,,,,,,,
EMO BON RFormosa Wa 251125 3um_3,EMOBON_RFormosa_Wa_237,,4.79108,Fluorometer 10-AU,16.4,Thermo scientific  orion star A231,16.4,Thermo scientific  orion star A231,34.93,YSI ProSolo Digital,34.93,YSI ProSolo Digital,,,,,,,,,,,,,,,,,,,,,,,,250,YSI ProSolo Digital,,,,,,,,,8.201,Thermo scientific  orion star A221,,,,,,,,,,,,,1.006661732,YSI ProSolo Digital,,,,,,,,,,,,
EMO BON RFormosa Wa 251125 3um_4,EMOBON_RFormosa_Wa_238,,4.79108,Fluorometer 10-AU,16.4,Thermo scientific  orion star A231,16.4,Thermo scientific  orion star A231,34.93,YSI ProSolo Digital,34.93,YSI ProSolo Digital,,,,,,,,,,,,,,,,,,,,,,,,250,YSI ProSolo Digital,,,,,,,,,8.201,Thermo scientific  orion star A221,,,,,,,,,,,,,1.006661732,YSI ProSolo Digital,,,,,,,,,,,,
EMO BON RFormosa Wa 251125 3um_Blank,EMOBON_RFormosa_Wa_239,,4.79108,Fluorometer 10-AU,16.4,Thermo scientific  orion star A231,16.4,Thermo scientific  orion star A231,34.93,YSI ProSolo Digital,34.93,YSI ProSolo Digital,,,,,,,,,,,,,,,,,,,,,,,,250,YSI ProSolo Digital,,,,,,,,,8.201,Thermo scientific  orion star A221,,,,,,,,,,,,,1.006661732,YSI ProSolo Digital,,,,,,,,,,,,
EMO BON RFormosa Wa 251125 0.22um_Blank,EMOBON_RFormosa_Wa_240,,4.79108,Fluorometer 10-AU,16.4,Thermo scientific  orion star A231,16.4,Thermo scientific  orion star A231,34.93,YSI ProSolo Digital,34.93,YSI ProSolo Digital,,,,,,,,,,,,,,,,,,,,,,,,250,YSI ProSolo Digital,,,,,,,,,8.201,Thermo scientific  orion star A221,,,,,,,,,,,,,1.006661732,YSI ProSolo Digital,,,,,,,,,,,,
EMO BON RFormosa Wa 260304 0.22um_1,EMOBON_RFormosa_Wa_241,batch_8,6.61304,Fluorometer 10-AU,16.2,Thermo scientific  orion star A231,16.2,Thermo scientific  orion star A231,32.04,YSI ProSolo Digital,32.04,YSI ProSolo Digital,,,,,,,,,,,,,,,,,,,,,,,,225,YSI ProSolo Digital,,,,,,,,,8.289,Thermo scientific  orion star A221,,,,,,,,,,,,,0.9982728846,YSI ProSolo Digital,,,,,,,,,,,,
EMO BON RFormosa Wa 260304 0.22um_2,EMOBON_RFormosa_Wa_242,,6.61304,Fluorometer 10-AU,16.2,Thermo scientific  orion star A231,16.2,Thermo scientific  orion star A231,32.04,YSI ProSolo Digital,32.04,YSI ProSolo Digital,,,,,,,,,,,,,,,,,,,,,,,,225,YSI ProSolo Digital,,,,,,,,,8.289,Thermo scientific  orion star A221,,,,,,,,,,,,,0.9982728846,YSI ProSolo Digital,,,,,,,,,,,,
EMO BON RFormosa Wa 260304 0.22um_3,EMOBON_RFormosa_Wa_243,,6.61304,Fluorometer 10-AU,16.2,Thermo scientific  orion star A231,16.2,Thermo scientific  orion star A231,32.04,YSI ProSolo Digital,32.04,YSI ProSolo Digital,,,,,,,,,,,,,,,,,,,,,,,,225,YSI ProSolo Digital,,,,,,,,,8.289,Thermo scientific  orion star A221,,,,,,,,,,,,,0.9982728846,YSI ProSolo Digital,,,,,,,,,,,,
EMO BON RFormosa Wa 260304 0.22um_4,EMOBON_RFormosa_Wa_244,,6.61304,Fluorometer 10-AU,16.2,Thermo scientific  orion star A231,16.2,Thermo scientific  orion star A231,32.04,YSI ProSolo Digital,32.04,YSI ProSolo Digital,,,,,,,,,,,,,,,,,,,,,,,,225,YSI ProSolo Digital,,,,,,,,,8.289,Thermo scientific  orion star A221,,,,,,,,,,,,,0.9982728846,YSI ProSolo Digital,,,,,,,,,,,,
EMO BON RFormosa Wa 260304 3um_1,EMOBON_RFormosa_Wa_245,batch_8,6.61304,Fluorometer 10-AU,16.2,Thermo scientific  orion star A231,16.2,Thermo scientific  orion star A231,32.04,YSI ProSolo Digital,32.04,YSI ProSolo Digital,,,,,,,,,,,,,,,,,,,,,,,,225,YSI ProSolo Digital,,,,,,,,,8.289,Thermo scientific  orion star A221,,,,,,,,,,,,,0.9982728846,YSI ProSolo Digital,,,,,,,,,,,,
EMO BON RFormosa Wa 260304 3um_2,EMOBON_RFormosa_Wa_246,,6.61304,Fluorometer 10-AU,16.2,Thermo scientific  orion star A231,16.2,Thermo scientific  orion star A231,32.04,YSI ProSolo Digital,32.04,YSI ProSolo Digital,,,,,,,,,,,,,,,,,,,,,,,,225,YSI ProSolo Digital,,,,,,,,,8.289,Thermo scientific  orion star A221,,,,,,,,,,,,,0.9982728846,YSI ProSolo Digital,,,,,,,,,,,,
EMO BON RFormosa Wa 260304 3um_3,EMOBON_RFormosa_Wa_247,,6.61304,Fluorometer 10-AU,16.2,Thermo scientific  orion star A231,16.2,Thermo scientific  orion star A231,32.04,YSI ProSolo Digital,32.04,YSI ProSolo Digital,,,,,,,,,,,,,,,,,,,,,,,,225,YSI ProSolo Digital,,,,,,,,,8.289,Thermo scientific  orion star A221,,,,,,,,,,,,,0.9982728846,YSI ProSolo Digital,,,,,,,,,,,,
EMO BON RFormosa Wa 260304 3um_4,EMOBON_RFormosa_Wa_248,,6.61304,Fluorometer 10-AU,16.2,Thermo scientific  orion star A231,16.2,Thermo scientific  orion star A231,32.04,YSI ProSolo Digital,32.04,YSI ProSolo Digital,,,,,,,,,,,,,,,,,,,,,,,,225,YSI ProSolo Digital,,,,,,,,,8.289,Thermo scientific  orion star A221,,,,,,,,,,,,,0.9982728846,YSI ProSolo Digital,,,,,,,,,,,,
EMO BON RFormosa Wa 260304 3um_Blank,EMOBON_RFormosa_Wa_249,,6.61304,Fluorometer 10-AU,16.2,Thermo scientific  orion star A231,16.2,Thermo scientific  orion star A231,32.04,YSI ProSolo Digital,32.04,YSI ProSolo Digital,,,,,,,,,,,,,,,,,,,,,,,,225,YSI ProSolo Digital,,,,,,,,,8.289,Thermo scientific  orion star A221,,,,,,,,,,,,,0.9982728846,YSI ProSolo Digital,,,,,,,,,,,,
EMO BON RFormosa Wa 260304 0.22um_Blank,EMOBON_RFormosa_Wa_250,,6.61304,Fluorometer 10-AU,16.2,Thermo scientific  orion star A231,16.2,Thermo scientific  orion star A231,32.04,YSI ProSolo Digital,32.04,YSI ProSolo Digital,,,,,,,,,,,,,,,,,,,,,,,,225,YSI ProSolo Digital,,,,,,,,,8.289,Thermo scientific  orion star A221,,,,,,,,,,,,,0.9982728846,YSI ProSolo Digital,,,,,,,,,,,,
EMO BON RFormosa Wa 260430 3um_1,,,,,,,,,,,,,,,,,,,,,,,,,,,,,,,,,,,,,,,,,,,,,,,,,,,,,,,,,,,,,,,,,,,,,,,,,
EMO BON RFormosa Wa 260430 3um_2,,,,,,,,,,,,,,,,,,,,,,,,,,,,,,,,,,,,,,,,,,,,,,,,,,,,,,,,,,,,,,,,,,,,,,,,,
EMO BON RFormosa Wa 260430 3um_3,,,,,,,,,,,,,,,,,,,,,,,,,,,,,,,,,,,,,,,,,,,,,,,,,,,,,,,,,,,,,,,,,,,,,,,,,
EMO BON RFormosa Wa 260430 3um_4,,,,,,,,,,,,,,,,,,,,,,,,,,,,,,,,,,,,,,,,,,,,,,,,,,,,,,,,,,,,,,,,,,,,,,,,,
EMO BON RFormosa Wa 260430 0.22um_1,,,,,,,,,,,,,,,,,,,,,,,,,,,,,,,,,,,,,,,,,,,,,,,,,,,,,,,,,,,,,,,,,,,,,,,,,
EMO BON RFormosa Wa 260430 0.22um_2,,,,,,,,,,,,,,,,,,,,,,,,,,,,,,,,,,,,,,,,,,,,,,,,,,,,,,,,,,,,,,,,,,,,,,,,,
EMO BON RFormosa Wa 260430 0.22um_3,,,,,,,,,,,,,,,,,,,,,,,,,,,,,,,,,,,,,,,,,,,,,,,,,,,,,,,,,,,,,,,,,,,,,,,,,
EMO BON RFormosa Wa 260430 0.22um_4,,,,,,,,,,,,,,,,,,,,,,,,,,,,,,,,,,,,,,,,,,,,,,,,,,,,,,,,,,,,,,,,,,,,,,,,,
EMO BON RFormosa Wa 260430 3um_Blank,,,,,,,,,,,,,,,,,,,,,,,,,,,,,,,,,,,,,,,,,,,,,,,,,,,,,,,,,,,,,,,,,,,,,,,,,
#REF!,,,,,,,,,,,,,,,,,,,,,,,,,,,,,,,,,,,,,,,,,,,,,,,,,,,,,,,,,,,,,,,,,,,,,,,,,
#REF!,,,,,,,,,,,,,,,,,,,,,,,,,,,,,,,,,,,,,,,,,,,,,,,,,,,,,,,,,,,,,,,,,,,,,,,,,
EMO BON RFormosa Wa 260430 0.22um_Blank,,,,,,,,,,,,,,,,,,,,,,,,,,,,,,,,,,,,,,,,,,,,,,,,,,,,,,,,,,,,,,,,,,,,,,,,,
#REF!,,,,,,,,,,,,,,,,,,,,,,,,,,,,,,,,,,,,,,,,,,,,,,,,,,,,,,,,,,,,,,,,,,,,,,,,,
#REF!,,,,,,,,,,,,,,,,,,,,,,,,,,,,,,,,,,,,,,,,,,,,,,,,,,,,,,,,,,,,,,,,,,,,,,,,,
